{
"type": "FeatureCollection",
"name": "sido_lines",
"crs": { "type": "name", "properties": { "name": "urn:ogc:def:crs:OGC:1.3:CRS84" } },
"xy_coordinate_resolution": 1e-06,
"features": [
{ "type": "Feature", "properties": { "id": 0 }, "geometry": { "type": "MultiLineString", "coordinates": [ [ [ 126.447787, 35.429611 ], [ 126.450215, 35.427885 ], [ 126.453356, 35.426884 ], [ 126.455728, 35.426846 ], [ 126.464176, 35.425392 ], [ 126.468551, 35.42515 ], [ 126.473402, 35.42702 ], [ 126.476028, 35.429329 ], [ 126.479663, 35.426504 ], [ 126.478967, 35.424746 ], [ 126.480881, 35.421038 ], [ 126.479641, 35.42094 ], [ 126.482115, 35.419532 ], [ 126.484791, 35.416433 ], [ 126.485843, 35.41631 ], [ 126.48807, 35.412764 ], [ 126.490678, 35.412419 ], [ 126.492875, 35.409238 ], [ 126.492771, 35.40747 ], [ 126.490906, 35.40375 ], [ 126.491418, 35.399862 ], [ 126.489411, 35.397791 ], [ 126.49061, 35.395237 ], [ 126.48972, 35.393466 ], [ 126.485111, 35.390759 ], [ 126.482686, 35.390546 ], [ 126.481009, 35.388491 ], [ 126.477381, 35.386179 ], [ 126.481254, 35.38567 ], [ 126.483183, 35.38389 ], [ 126.483277, 35.380565 ], [ 126.486553, 35.377403 ], [ 126.489081, 35.376563 ], [ 126.49241, 35.373994 ], [ 126.496636, 35.37402 ], [ 126.497687, 35.372332 ], [ 126.496015, 35.370668 ], [ 126.49657, 35.36945 ], [ 126.496137, 35.366303 ], [ 126.497336, 35.365333 ], [ 126.495272, 35.362666 ], [ 126.495836, 35.36173 ], [ 126.496148, 35.357601 ], [ 126.492136, 35.354112 ], [ 126.493547, 35.350385 ], [ 126.496482, 35.349887 ], [ 126.499193, 35.354259 ], [ 126.501891, 35.356019 ], [ 126.504512, 35.359232 ], [ 126.508236, 35.361644 ], [ 126.512758, 35.362035 ], [ 126.513154, 35.358123 ], [ 126.517282, 35.351021 ], [ 126.519954, 35.349543 ], [ 126.52053, 35.348348 ], [ 126.519379, 35.344817 ], [ 126.519919, 35.34284 ], [ 126.517197, 35.338519 ], [ 126.517506, 35.334138 ], [ 126.515632, 35.329461 ], [ 126.513426, 35.329493 ], [ 126.513998, 35.327107 ], [ 126.517755, 35.32549 ], [ 126.518279, 35.32619 ], [ 126.521008, 35.32512 ], [ 126.522939, 35.321101 ], [ 126.523599, 35.316843 ], [ 126.52328, 35.315439 ], [ 126.52438, 35.313493 ], [ 126.529495, 35.312567 ], [ 126.529768, 35.308726 ], [ 126.532324, 35.306744 ], [ 126.534841, 35.308275 ], [ 126.538245, 35.30929 ], [ 126.539789, 35.31064 ], [ 126.544029, 35.310049 ], [ 126.548131, 35.313471 ], [ 126.551715, 35.313533 ], [ 126.553119, 35.312164 ], [ 126.555801, 35.312608 ], [ 126.557752, 35.311591 ], [ 126.561285, 35.311689 ], [ 126.563909, 35.309067 ], [ 126.568344, 35.311249 ], [ 126.57267, 35.310064 ], [ 126.57416, 35.307703 ], [ 126.57587, 35.306604 ], [ 126.576153, 35.304886 ], [ 126.578663, 35.3032 ], [ 126.581359, 35.303595 ], [ 126.584914, 35.300787 ], [ 126.585591, 35.30286 ], [ 126.587973, 35.305536 ], [ 126.588745, 35.310764 ], [ 126.590492, 35.31069 ], [ 126.588611, 35.313889 ], [ 126.589448, 35.317506 ], [ 126.584998, 35.317363 ], [ 126.582936, 35.315709 ], [ 126.581162, 35.317302 ], [ 126.583334, 35.318129 ], [ 126.580397, 35.323892 ], [ 126.582235, 35.324979 ], [ 126.583536, 35.329094 ], [ 126.587061, 35.330811 ], [ 126.589869, 35.329966 ], [ 126.592458, 35.330631 ], [ 126.594606, 35.329019 ], [ 126.599336, 35.3306 ], [ 126.60146, 35.332986 ], [ 126.601875, 35.334507 ], [ 126.604498, 35.335561 ], [ 126.607625, 35.332078 ], [ 126.613514, 35.328636 ], [ 126.615531, 35.328508 ], [ 126.619861, 35.324019 ], [ 126.623391, 35.322911 ], [ 126.624714, 35.323133 ], [ 126.626308, 35.321434 ], [ 126.631426, 35.320291 ], [ 126.639192, 35.320902 ], [ 126.641789, 35.320832 ], [ 126.644799, 35.319775 ], [ 126.646641, 35.322943 ], [ 126.646985, 35.324738 ], [ 126.644275, 35.327204 ], [ 126.647047, 35.328464 ], [ 126.651728, 35.326823 ], [ 126.653893, 35.328782 ], [ 126.65614, 35.332883 ], [ 126.657691, 35.334642 ], [ 126.659597, 35.334548 ], [ 126.658877, 35.336066 ], [ 126.659127, 35.338868 ], [ 126.660758, 35.339906 ], [ 126.660076, 35.34424 ], [ 126.661779, 35.345471 ], [ 126.664403, 35.345706 ], [ 126.664278, 35.348138 ], [ 126.666445, 35.351487 ], [ 126.669372, 35.351496 ], [ 126.674873, 35.348608 ], [ 126.678578, 35.348367 ], [ 126.68231, 35.34713 ], [ 126.682871, 35.345903 ], [ 126.685702, 35.344258 ], [ 126.687534, 35.347687 ], [ 126.690875, 35.349709 ], [ 126.69182, 35.351431 ], [ 126.696832, 35.349658 ], [ 126.699367, 35.349589 ], [ 126.700817, 35.352509 ], [ 126.701061, 35.354574 ], [ 126.702736, 35.357302 ], [ 126.703899, 35.363417 ], [ 126.704615, 35.365131 ], [ 126.706302, 35.364593 ], [ 126.709425, 35.365296 ], [ 126.7095, 35.364422 ], [ 126.719352, 35.364989 ], [ 126.7225, 35.36686 ], [ 126.726571, 35.371167 ], [ 126.726906, 35.372669 ], [ 126.73126, 35.376883 ], [ 126.730892, 35.380556 ], [ 126.732185, 35.383187 ], [ 126.731233, 35.388016 ], [ 126.730224, 35.390044 ], [ 126.729632, 35.39461 ], [ 126.726246, 35.397287 ], [ 126.724147, 35.396978 ], [ 126.722135, 35.398258 ], [ 126.722469, 35.399933 ], [ 126.725366, 35.400879 ], [ 126.727807, 35.400626 ], [ 126.731311, 35.401576 ], [ 126.732041, 35.402603 ], [ 126.736803, 35.403393 ], [ 126.736988, 35.405325 ], [ 126.741483, 35.407832 ], [ 126.744514, 35.408754 ], [ 126.748684, 35.415588 ], [ 126.752329, 35.416682 ], [ 126.7542, 35.416504 ], [ 126.754331, 35.419881 ], [ 126.751506, 35.422759 ], [ 126.751703, 35.42631 ], [ 126.752669, 35.429488 ], [ 126.75117, 35.432528 ], [ 126.751728, 35.435905 ], [ 126.749342, 35.439123 ], [ 126.747158, 35.440381 ], [ 126.743818, 35.440683 ], [ 126.742115, 35.442852 ], [ 126.740779, 35.446022 ], [ 126.737715, 35.449494 ], [ 126.741008, 35.452977 ], [ 126.744428, 35.451164 ], [ 126.748076, 35.450582 ], [ 126.752468, 35.454231 ], [ 126.755597, 35.455768 ], [ 126.756479, 35.459683 ], [ 126.757776, 35.462286 ], [ 126.761323, 35.464513 ], [ 126.762956, 35.466285 ], [ 126.764903, 35.467058 ], [ 126.770927, 35.467205 ], [ 126.772621, 35.467898 ], [ 126.779636, 35.469483 ], [ 126.781896, 35.470628 ], [ 126.78608, 35.468691 ], [ 126.792348, 35.467634 ], [ 126.79567, 35.468649 ], [ 126.803658, 35.46796 ], [ 126.813973, 35.468799 ], [ 126.814148, 35.472205 ], [ 126.815325, 35.473754 ], [ 126.812837, 35.476138 ], [ 126.813789, 35.478498 ], [ 126.813634, 35.480495 ], [ 126.814544, 35.482272 ], [ 126.81388, 35.484191 ], [ 126.81632, 35.484876 ], [ 126.81887, 35.486544 ], [ 126.821594, 35.485744 ], [ 126.823343, 35.486914 ], [ 126.826905, 35.486627 ], [ 126.828373, 35.485698 ], [ 126.828705, 35.483792 ], [ 126.830478, 35.480797 ], [ 126.83524, 35.479511 ], [ 126.842849, 35.478951 ], [ 126.843074, 35.476163 ], [ 126.842264, 35.475387 ], [ 126.84025, 35.468668 ], [ 126.841663, 35.466965 ], [ 126.837914, 35.464527 ], [ 126.84003, 35.462251 ], [ 126.842575, 35.4639 ], [ 126.847403, 35.464493 ], [ 126.850316, 35.465728 ], [ 126.857478, 35.464015 ], [ 126.858874, 35.462393 ], [ 126.863242, 35.461207 ], [ 126.868902, 35.461436 ], [ 126.870097, 35.461496 ], [ 126.874841, 35.459401 ], [ 126.87584, 35.457336 ], [ 126.878455, 35.455962 ], [ 126.8811, 35.455912 ], [ 126.882579, 35.454512 ], [ 126.882879, 35.45236 ], [ 126.886846, 35.45048 ], [ 126.892559, 35.449594 ], [ 126.896775, 35.447986 ], [ 126.897015, 35.446062 ], [ 126.898795, 35.445023 ], [ 126.899643, 35.4427 ], [ 126.905113, 35.440818 ], [ 126.901362, 35.438277 ], [ 126.900194, 35.436631 ], [ 126.898082, 35.436048 ], [ 126.897614, 35.432952 ], [ 126.900438, 35.430915 ], [ 126.904317, 35.429696 ], [ 126.904052, 35.428001 ], [ 126.902545, 35.426893 ], [ 126.901875, 35.423015 ], [ 126.903068, 35.420627 ], [ 126.907378, 35.420229 ], [ 126.908942, 35.418261 ], [ 126.908249, 35.416273 ], [ 126.911017, 35.414944 ], [ 126.915145, 35.416063 ], [ 126.916148, 35.415845 ], [ 126.917546, 35.412954 ], [ 126.920779, 35.410863 ], [ 126.918896, 35.409074 ], [ 126.917868, 35.406315 ], [ 126.916608, 35.404925 ], [ 126.917427, 35.402139 ], [ 126.919451, 35.401942 ], [ 126.920147, 35.403068 ], [ 126.923119, 35.403182 ], [ 126.923374, 35.403909 ], [ 126.930034, 35.406006 ], [ 126.93324, 35.40609 ], [ 126.932139, 35.401586 ], [ 126.930025, 35.400562 ], [ 126.930638, 35.398756 ], [ 126.932611, 35.398455 ], [ 126.932926, 35.395245 ], [ 126.935105, 35.395451 ], [ 126.935613, 35.394351 ], [ 126.93957, 35.395422 ], [ 126.940318, 35.396154 ], [ 126.941287, 35.394127 ], [ 126.9448, 35.394449 ], [ 126.946765, 35.395852 ], [ 126.948794, 35.396225 ], [ 126.952213, 35.394967 ], [ 126.95427, 35.396635 ], [ 126.957466, 35.396335 ], [ 126.963103, 35.394954 ], [ 126.971145, 35.398286 ], [ 126.97382, 35.399928 ], [ 126.976472, 35.400742 ], [ 126.97598, 35.40727 ], [ 126.97384, 35.411291 ], [ 126.972195, 35.413039 ], [ 126.970291, 35.419792 ], [ 126.970191, 35.423041 ], [ 126.971381, 35.427671 ], [ 126.978216, 35.427979 ], [ 126.981625, 35.426646 ], [ 126.982955, 35.429961 ], [ 126.985075, 35.430055 ], [ 126.983368, 35.433752 ], [ 126.985307, 35.436732 ], [ 126.986985, 35.436923 ], [ 126.989559, 35.439094 ], [ 126.994546, 35.439804 ], [ 126.994991, 35.443657 ], [ 126.997986, 35.446104 ], [ 126.998594, 35.449906 ], [ 127.000558, 35.453963 ], [ 126.998024, 35.457304 ], [ 126.999478, 35.462136 ], [ 127.003027, 35.464464 ], [ 127.006712, 35.462342 ], [ 127.009869, 35.461685 ], [ 127.012217, 35.46012 ], [ 127.014292, 35.457819 ], [ 127.015384, 35.459022 ], [ 127.017335, 35.45909 ], [ 127.019229, 35.460931 ], [ 127.022409, 35.462576 ], [ 127.023482, 35.463971 ], [ 127.026297, 35.464832 ], [ 127.02748, 35.463711 ], [ 127.031125, 35.465482 ], [ 127.034722, 35.466572 ], [ 127.03652, 35.459808 ], [ 127.034924, 35.456995 ], [ 127.035766, 35.452572 ], [ 127.034995, 35.447645 ], [ 127.036811, 35.445281 ], [ 127.036409, 35.443438 ], [ 127.038261, 35.437718 ], [ 127.037354, 35.433855 ], [ 127.040183, 35.431789 ], [ 127.04301, 35.433379 ], [ 127.044611, 35.433545 ], [ 127.045946, 35.431349 ], [ 127.049027, 35.431084 ], [ 127.051249, 35.427375 ], [ 127.052315, 35.426516 ], [ 127.049729, 35.422758 ], [ 127.049439, 35.419542 ], [ 127.048212, 35.418544 ], [ 127.047924, 35.415574 ], [ 127.046074, 35.409174 ], [ 127.045142, 35.40722 ], [ 127.047273, 35.404681 ], [ 127.04693, 35.402194 ], [ 127.041711, 35.398719 ], [ 127.039948, 35.399719 ], [ 127.037307, 35.399222 ], [ 127.033831, 35.399664 ], [ 127.032894, 35.4005 ], [ 127.030148, 35.399553 ], [ 127.027016, 35.399855 ], [ 127.028098, 35.39791 ], [ 127.027463, 35.394679 ], [ 127.030089, 35.392539 ], [ 127.030463, 35.39009 ], [ 127.032455, 35.389442 ], [ 127.03573, 35.390019 ], [ 127.034689, 35.387833 ], [ 127.036052, 35.386012 ], [ 127.039541, 35.384014 ], [ 127.040148, 35.38229 ], [ 127.039098, 35.380143 ], [ 127.047321, 35.377198 ], [ 127.05055, 35.378028 ], [ 127.05586, 35.384538 ], [ 127.057029, 35.383791 ], [ 127.057974, 35.381469 ], [ 127.06122, 35.378844 ], [ 127.061964, 35.377026 ], [ 127.064984, 35.375954 ], [ 127.063595, 35.369897 ], [ 127.066919, 35.368189 ], [ 127.068912, 35.366054 ], [ 127.070608, 35.365513 ], [ 127.067197, 35.358644 ], [ 127.065256, 35.357764 ], [ 127.065219, 35.35591 ], [ 127.067836, 35.354717 ], [ 127.0699, 35.351404 ], [ 127.068399, 35.350153 ], [ 127.06947, 35.348637 ], [ 127.067173, 35.345639 ], [ 127.068036, 35.343612 ], [ 127.070209, 35.341625 ], [ 127.070289, 35.339797 ], [ 127.065636, 35.337447 ], [ 127.065083, 35.336531 ], [ 127.062381, 35.336251 ], [ 127.058377, 35.337477 ], [ 127.055252, 35.341063 ], [ 127.052334, 35.340265 ], [ 127.052478, 35.335917 ], [ 127.050508, 35.3348 ], [ 127.050758, 35.32915 ], [ 127.0472, 35.325623 ], [ 127.046014, 35.325489 ], [ 127.043092, 35.321885 ], [ 127.046207, 35.318598 ], [ 127.049338, 35.3182 ], [ 127.051883, 35.316554 ], [ 127.053717, 35.317816 ], [ 127.057204, 35.317825 ], [ 127.058569, 35.316611 ], [ 127.061784, 35.317129 ], [ 127.06466, 35.313447 ], [ 127.068965, 35.311438 ], [ 127.071853, 35.312431 ], [ 127.075199, 35.310827 ], [ 127.07756, 35.310901 ], [ 127.081196, 35.310039 ], [ 127.082642, 35.308272 ], [ 127.086795, 35.307705 ], [ 127.089283, 35.306692 ], [ 127.091167, 35.304662 ], [ 127.096764, 35.301811 ], [ 127.101801, 35.301708 ], [ 127.102921, 35.300111 ], [ 127.105235, 35.299233 ], [ 127.112552, 35.300187 ], [ 127.114117, 35.2996 ], [ 127.116851, 35.299964 ], [ 127.118697, 35.301288 ], [ 127.124567, 35.303444 ], [ 127.125987, 35.303226 ], [ 127.127083, 35.305061 ], [ 127.126635, 35.306863 ], [ 127.127874, 35.307894 ], [ 127.129311, 35.307488 ], [ 127.129984, 35.309132 ], [ 127.134154, 35.308474 ], [ 127.139089, 35.309351 ], [ 127.143818, 35.308398 ], [ 127.145473, 35.30898 ], [ 127.146728, 35.310874 ], [ 127.146341, 35.315287 ], [ 127.150102, 35.317855 ], [ 127.151695, 35.317857 ], [ 127.154204, 35.320876 ], [ 127.154162, 35.322723 ], [ 127.155864, 35.32265 ], [ 127.160253, 35.327248 ], [ 127.164814, 35.329378 ], [ 127.168046, 35.332015 ], [ 127.17115, 35.332894 ], [ 127.17296, 35.330467 ], [ 127.175935, 35.331219 ], [ 127.179532, 35.333423 ], [ 127.18043, 35.332911 ], [ 127.183578, 35.334609 ], [ 127.186186, 35.336943 ], [ 127.186769, 35.336212 ], [ 127.184766, 35.33352 ], [ 127.183907, 35.329876 ], [ 127.18476, 35.326113 ], [ 127.187731, 35.322581 ], [ 127.196774, 35.3193 ], [ 127.199047, 35.316653 ], [ 127.204245, 35.315557 ], [ 127.209744, 35.315573 ], [ 127.21271, 35.317354 ], [ 127.215679, 35.324407 ], [ 127.215603, 35.327987 ], [ 127.217017, 35.331112 ], [ 127.220793, 35.334811 ], [ 127.22629, 35.33392 ], [ 127.232295, 35.333609 ], [ 127.233702, 35.332581 ], [ 127.234785, 35.329924 ], [ 127.238682, 35.327692 ], [ 127.243444, 35.322836 ], [ 127.247138, 35.320998 ], [ 127.250816, 35.318169 ], [ 127.253116, 35.314509 ], [ 127.257163, 35.312462 ], [ 127.261624, 35.31223 ], [ 127.265673, 35.313713 ], [ 127.272101, 35.313033 ], [ 127.278917, 35.313847 ], [ 127.286714, 35.314022 ], [ 127.290955, 35.31337 ], [ 127.295172, 35.310894 ], [ 127.2988, 35.309596 ], [ 127.3046, 35.305274 ], [ 127.306101, 35.304609 ], [ 127.309888, 35.304516 ], [ 127.314539, 35.306023 ], [ 127.319718, 35.306384 ], [ 127.323467, 35.307409 ], [ 127.325575, 35.310475 ], [ 127.326393, 35.309226 ], [ 127.330388, 35.312171 ], [ 127.330687, 35.314896 ], [ 127.334105, 35.315468 ], [ 127.336457, 35.314905 ], [ 127.338985, 35.317663 ], [ 127.341347, 35.317336 ], [ 127.343015, 35.318184 ], [ 127.348414, 35.318642 ], [ 127.350129, 35.320268 ], [ 127.354256, 35.322355 ], [ 127.358096, 35.321105 ], [ 127.361738, 35.317658 ], [ 127.364215, 35.315965 ], [ 127.365635, 35.31647 ], [ 127.367689, 35.31416 ], [ 127.370671, 35.314605 ], [ 127.376637, 35.311313 ], [ 127.380086, 35.303679 ], [ 127.382039, 35.303619 ], [ 127.384567, 35.302458 ], [ 127.388905, 35.304375 ], [ 127.389522, 35.305998 ], [ 127.392699, 35.307346 ], [ 127.392766, 35.312728 ], [ 127.396695, 35.314263 ], [ 127.399163, 35.316953 ], [ 127.399192, 35.319861 ], [ 127.401157, 35.322723 ], [ 127.406085, 35.324418 ], [ 127.409564, 35.3287 ], [ 127.411599, 35.333294 ], [ 127.415078, 35.335998 ], [ 127.416541, 35.340937 ], [ 127.41771, 35.341452 ], [ 127.420166, 35.34523 ], [ 127.420463, 35.348469 ], [ 127.42141, 35.35087 ], [ 127.423733, 35.351417 ], [ 127.42438, 35.352701 ], [ 127.428676, 35.355404 ], [ 127.429897, 35.357582 ], [ 127.432463, 35.358649 ], [ 127.435982, 35.361192 ], [ 127.436923, 35.362711 ], [ 127.441362, 35.363836 ], [ 127.442452, 35.361282 ], [ 127.446461, 35.360523 ], [ 127.44694, 35.361483 ], [ 127.449231, 35.360868 ], [ 127.450442, 35.361415 ], [ 127.454111, 35.360754 ], [ 127.455533, 35.36198 ], [ 127.457636, 35.362136 ], [ 127.458245, 35.363543 ], [ 127.461944, 35.363906 ], [ 127.465939, 35.363533 ], [ 127.468538, 35.365014 ], [ 127.470766, 35.365336 ], [ 127.474165, 35.364118 ], [ 127.478768, 35.36419 ], [ 127.480273, 35.363643 ], [ 127.480729, 35.361668 ], [ 127.485706, 35.35835 ], [ 127.49221, 35.358836 ], [ 127.497915, 35.359887 ], [ 127.502015, 35.358363 ], [ 127.504283, 35.3568 ], [ 127.506891, 35.353975 ], [ 127.509335, 35.352683 ], [ 127.512046, 35.352274 ], [ 127.513987, 35.351135 ], [ 127.516651, 35.347286 ], [ 127.517894, 35.346586 ], [ 127.522041, 35.346006 ], [ 127.524473, 35.344866 ], [ 127.526489, 35.3431 ], [ 127.528543, 35.338883 ], [ 127.53096, 35.336041 ], [ 127.532492, 35.335298 ], [ 127.539801, 35.334759 ], [ 127.54152, 35.333651 ], [ 127.542283, 35.3285 ], [ 127.552293, 35.324807 ], [ 127.552764, 35.323575 ], [ 127.555192, 35.321878 ], [ 127.560466, 35.321035 ], [ 127.564158, 35.319404 ], [ 127.567831, 35.318516 ], [ 127.573281, 35.311476 ], [ 127.577481, 35.308901 ] ], [ [ 126.793695, 37.581594 ], [ 126.787048, 37.58558 ], [ 126.784113, 37.582585 ], [ 126.78205, 37.583838 ], [ 126.776054, 37.585031 ], [ 126.772991, 37.585047 ], [ 126.767516, 37.588395 ], [ 126.766754, 37.587222 ], [ 126.763824, 37.585856 ], [ 126.759178, 37.584885 ], [ 126.757985, 37.585328 ], [ 126.756028, 37.583527 ], [ 126.756056, 37.580903 ], [ 126.751915, 37.5796 ], [ 126.749526, 37.581083 ], [ 126.749423, 37.584677 ], [ 126.7474, 37.586253 ], [ 126.746143, 37.588663 ], [ 126.745259, 37.588717 ], [ 126.744324, 37.592495 ], [ 126.741647, 37.592072 ], [ 126.741411, 37.593006 ], [ 126.739096, 37.592639 ], [ 126.739013, 37.593703 ], [ 126.736774, 37.592974 ], [ 126.736746, 37.59099 ], [ 126.731322, 37.591762 ], [ 126.729206, 37.592754 ], [ 126.725665, 37.591842 ], [ 126.725462, 37.591875 ], [ 126.722044, 37.595814 ], [ 126.716377, 37.599407 ], [ 126.715625, 37.603806 ], [ 126.713406, 37.602998 ], [ 126.711733, 37.605 ], [ 126.708408, 37.604911 ], [ 126.704681, 37.602475 ], [ 126.704003, 37.604655 ], [ 126.706125, 37.607677 ], [ 126.70545, 37.612148 ], [ 126.704744, 37.611679 ], [ 126.702852, 37.613673 ], [ 126.700905, 37.614271 ], [ 126.698194, 37.617835 ], [ 126.691532, 37.621404 ], [ 126.69062, 37.620721 ], [ 126.683734, 37.62523 ], [ 126.680879, 37.627522 ], [ 126.680552, 37.629309 ], [ 126.674705, 37.629879 ], [ 126.674147, 37.63205 ], [ 126.672422, 37.633842 ], [ 126.666974, 37.635939 ], [ 126.661631, 37.636632 ], [ 126.658887, 37.638642 ], [ 126.657422, 37.637955 ], [ 126.654009, 37.638214 ], [ 126.652555, 37.639488 ], [ 126.651253, 37.637988 ], [ 126.651505, 37.635147 ], [ 126.650415, 37.63263 ], [ 126.647564, 37.628933 ], [ 126.64711, 37.627478 ], [ 126.645697, 37.628413 ], [ 126.642213, 37.628102 ], [ 126.639908, 37.626769 ], [ 126.636852, 37.628107 ], [ 126.63726, 37.626509 ], [ 126.636461, 37.620351 ], [ 126.633226, 37.61923 ], [ 126.631725, 37.617413 ], [ 126.632349, 37.616029 ], [ 126.63149, 37.613567 ], [ 126.629477, 37.611753 ], [ 126.629183, 37.609259 ], [ 126.627649, 37.605759 ], [ 126.625792, 37.604716 ], [ 126.625817, 37.602682 ], [ 126.623578, 37.602171 ], [ 126.619578, 37.604134 ], [ 126.616911, 37.603552 ], [ 126.614356, 37.606287 ], [ 126.60947, 37.604544 ], [ 126.605468, 37.600264 ], [ 126.601388, 37.5977 ], [ 126.598143, 37.596284 ], [ 126.590206, 37.592189 ], [ 126.574842, 37.58835 ] ], [ [ 126.741661, 36.012206 ], [ 126.743845, 36.018813 ], [ 126.746101, 36.023248 ], [ 126.748047, 36.025751 ], [ 126.756651, 36.026294 ], [ 126.761655, 36.026024 ], [ 126.769713, 36.02964 ], [ 126.786656, 36.031584 ], [ 126.79388, 36.032139 ], [ 126.802769, 36.033523 ], [ 126.805822, 36.034361 ], [ 126.80832, 36.035743 ], [ 126.814153, 36.041304 ], [ 126.818875, 36.048241 ], [ 126.821098, 36.049919 ], [ 126.829708, 36.051855 ], [ 126.840541, 36.052964 ], [ 126.848316, 36.055341 ], [ 126.854165, 36.057411 ], [ 126.865051, 36.060711 ], [ 126.868037, 36.062411 ], [ 126.870818, 36.067404 ], [ 126.871086, 36.071572 ], [ 126.873588, 36.086835 ], [ 126.874139, 36.099305 ], [ 126.873812, 36.110438 ], [ 126.877481, 36.117142 ], [ 126.879146, 36.123788 ], [ 126.881643, 36.128792 ], [ 126.882205, 36.131293 ], [ 126.887752, 36.137948 ], [ 126.889697, 36.139622 ], [ 126.895248, 36.142449 ], [ 126.900803, 36.142404 ], [ 126.90698, 36.139879 ], [ 126.911089, 36.13657 ], [ 126.914696, 36.135744 ], [ 126.919692, 36.136299 ], [ 126.922469, 36.138502 ], [ 126.930807, 36.142247 ], [ 126.934398, 36.146848 ], [ 126.938921, 36.150769 ], [ 126.944457, 36.15351 ], [ 126.956627, 36.15657 ], [ 126.963029, 36.156278 ], [ 126.971459, 36.151032 ], [ 126.977192, 36.148522 ], [ 126.983586, 36.147683 ], [ 126.987187, 36.147688 ], [ 126.993866, 36.146848 ], [ 126.998032, 36.146846 ], [ 127.001353, 36.147956 ], [ 127.005341, 36.150617 ], [ 127.006379, 36.150127 ], [ 127.006378, 36.147519 ], [ 127.011263, 36.145817 ], [ 127.013883, 36.146907 ], [ 127.015437, 36.148763 ], [ 127.017148, 36.146674 ], [ 127.018942, 36.143151 ], [ 127.02041, 36.138295 ], [ 127.023436, 36.13665 ], [ 127.029725, 36.136608 ], [ 127.031363, 36.138172 ], [ 127.035396, 36.138992 ], [ 127.038826, 36.138981 ], [ 127.039687, 36.138272 ], [ 127.039773, 36.141566 ], [ 127.040886, 36.14153 ], [ 127.04136, 36.144212 ], [ 127.042515, 36.146483 ], [ 127.044839, 36.146086 ], [ 127.044173, 36.143229 ], [ 127.045806, 36.137738 ], [ 127.044757, 36.134459 ], [ 127.047808, 36.133848 ], [ 127.050125, 36.134163 ], [ 127.049524, 36.1328 ], [ 127.050706, 36.130905 ], [ 127.05564, 36.130117 ], [ 127.055105, 36.127856 ], [ 127.056106, 36.126785 ], [ 127.060767, 36.126042 ], [ 127.060212, 36.123729 ], [ 127.063009, 36.125223 ], [ 127.06106, 36.117191 ], [ 127.062315, 36.115948 ], [ 127.058754, 36.116741 ], [ 127.057252, 36.116038 ], [ 127.056958, 36.11312 ], [ 127.058147, 36.112901 ], [ 127.058964, 36.11078 ], [ 127.057806, 36.10705 ], [ 127.060012, 36.106638 ], [ 127.061048, 36.105476 ], [ 127.060357, 36.10392 ], [ 127.060332, 36.100527 ], [ 127.061235, 36.099677 ], [ 127.060453, 36.093914 ], [ 127.063095, 36.091853 ], [ 127.062597, 36.090294 ], [ 127.060896, 36.089041 ], [ 127.06524, 36.08983 ], [ 127.067359, 36.088442 ], [ 127.07011, 36.087599 ], [ 127.071711, 36.08463 ], [ 127.076265, 36.084432 ], [ 127.077318, 36.081999 ], [ 127.080276, 36.080884 ], [ 127.082261, 36.07776 ], [ 127.087826, 36.075557 ], [ 127.088867, 36.073203 ], [ 127.09038, 36.071801 ], [ 127.09271, 36.075993 ], [ 127.094419, 36.073264 ], [ 127.095686, 36.074139 ], [ 127.099129, 36.074574 ], [ 127.102031, 36.075776 ], [ 127.106261, 36.071957 ], [ 127.108449, 36.072635 ], [ 127.112651, 36.069248 ], [ 127.115585, 36.067661 ], [ 127.118116, 36.06712 ], [ 127.122048, 36.063033 ], [ 127.123188, 36.064248 ], [ 127.131029, 36.065775 ], [ 127.133704, 36.069367 ], [ 127.133437, 36.071145 ], [ 127.134705, 36.076102 ], [ 127.133774, 36.081492 ], [ 127.136617, 36.08599 ], [ 127.140121, 36.088048 ], [ 127.14154, 36.087496 ], [ 127.145784, 36.09029 ], [ 127.151204, 36.09004 ], [ 127.152279, 36.088532 ], [ 127.15277, 36.085583 ], [ 127.157403, 36.083713 ], [ 127.161097, 36.083938 ], [ 127.164477, 36.085439 ], [ 127.168739, 36.083966 ], [ 127.17075, 36.084618 ], [ 127.170573, 36.086455 ], [ 127.17703, 36.090945 ], [ 127.178676, 36.094231 ], [ 127.183597, 36.094315 ], [ 127.186906, 36.092318 ], [ 127.190308, 36.089154 ], [ 127.190384, 36.088025 ], [ 127.193184, 36.08694 ], [ 127.194105, 36.085837 ], [ 127.198042, 36.085792 ], [ 127.20223, 36.088462 ], [ 127.200731, 36.089875 ], [ 127.201135, 36.092269 ], [ 127.203809, 36.093651 ], [ 127.204515, 36.096461 ], [ 127.203781, 36.097802 ], [ 127.204993, 36.100289 ], [ 127.211732, 36.100669 ], [ 127.214812, 36.097569 ], [ 127.222025, 36.096924 ], [ 127.222658, 36.098107 ], [ 127.225919, 36.099142 ], [ 127.2318, 36.096595 ], [ 127.232283, 36.095588 ], [ 127.235185, 36.094001 ], [ 127.236092, 36.091355 ], [ 127.238018, 36.090252 ], [ 127.239309, 36.088154 ], [ 127.242693, 36.084988 ], [ 127.246025, 36.083464 ], [ 127.248702, 36.083066 ], [ 127.252646, 36.084859 ], [ 127.254717, 36.087444 ], [ 127.253687, 36.089211 ], [ 127.249808, 36.092756 ], [ 127.247611, 36.093673 ], [ 127.246053, 36.09641 ], [ 127.246451, 36.099588 ], [ 127.245687, 36.100245 ], [ 127.246192, 36.104792 ], [ 127.250346, 36.107365 ], [ 127.250223, 36.109271 ], [ 127.251512, 36.112886 ], [ 127.256453, 36.112869 ], [ 127.258099, 36.115259 ], [ 127.261443, 36.110675 ], [ 127.264842, 36.108684 ], [ 127.273399, 36.10728 ], [ 127.276237, 36.108017 ], [ 127.278845, 36.10955 ], [ 127.280928, 36.109596 ], [ 127.285281, 36.112164 ], [ 127.28934, 36.112808 ], [ 127.290676, 36.111996 ], [ 127.293935, 36.113072 ], [ 127.294849, 36.117799 ], [ 127.297022, 36.118874 ], [ 127.297068, 36.122731 ], [ 127.29849, 36.122659 ], [ 127.301691, 36.125204 ], [ 127.304318, 36.124981 ], [ 127.305404, 36.125799 ], [ 127.308831, 36.123641 ], [ 127.309084, 36.121704 ], [ 127.310916, 36.120438 ], [ 127.315322, 36.119099 ], [ 127.318547, 36.119734 ], [ 127.319386, 36.124228 ], [ 127.322784, 36.126965 ], [ 127.322805, 36.130632 ], [ 127.323164, 36.129918 ], [ 127.32686, 36.130841 ], [ 127.330379, 36.1296 ], [ 127.335266, 36.129514 ], [ 127.338477, 36.130497 ], [ 127.340093, 36.128979 ], [ 127.340741, 36.124285 ], [ 127.342006, 36.123008 ], [ 127.344406, 36.117864 ], [ 127.346389, 36.117874 ], [ 127.348247, 36.116527 ], [ 127.350507, 36.116395 ], [ 127.353459, 36.113403 ], [ 127.353493, 36.110808 ], [ 127.354921, 36.108338 ], [ 127.35385, 36.106256 ], [ 127.350328, 36.104805 ], [ 127.34944, 36.100258 ], [ 127.347685, 36.098272 ], [ 127.349508, 36.095285 ], [ 127.351319, 36.093874 ], [ 127.353173, 36.093777 ], [ 127.354155, 36.09248 ], [ 127.356267, 36.092284 ], [ 127.360058, 36.089381 ], [ 127.360006, 36.088441 ], [ 127.35726, 36.086891 ], [ 127.35695, 36.081546 ], [ 127.36012, 36.079837 ], [ 127.361731, 36.076169 ], [ 127.360799, 36.072708 ], [ 127.35925, 36.071381 ], [ 127.360047, 36.068645 ], [ 127.364034, 36.068247 ], [ 127.364235, 36.065435 ], [ 127.361839, 36.063766 ], [ 127.360562, 36.061509 ], [ 127.361618, 36.059459 ], [ 127.360073, 36.056421 ], [ 127.360829, 36.053628 ], [ 127.365697, 36.050781 ], [ 127.36677, 36.047761 ], [ 127.372061, 36.043725 ], [ 127.372567, 36.041079 ], [ 127.373867, 36.039466 ], [ 127.372748, 36.03816 ], [ 127.37354, 36.034521 ], [ 127.378229, 36.030621 ], [ 127.376831, 36.028844 ], [ 127.376487, 36.022924 ], [ 127.381609, 36.021365 ], [ 127.38387, 36.021271 ], [ 127.384203, 36.020106 ], [ 127.387919, 36.018491 ], [ 127.389643, 36.016209 ], [ 127.39185, 36.017025 ], [ 127.393302, 36.015928 ], [ 127.394061, 36.013382 ], [ 127.397513, 36.01025 ], [ 127.39977, 36.010105 ], [ 127.401223, 36.008736 ], [ 127.403121, 36.00986 ], [ 127.40583, 36.013205 ], [ 127.407324, 36.01422 ], [ 127.409229, 36.013728 ], [ 127.413406, 36.015156 ], [ 127.414981, 36.016492 ], [ 127.416823, 36.019693 ], [ 127.41959, 36.022704 ], [ 127.423042, 36.023432 ], [ 127.42593, 36.026117 ], [ 127.429374, 36.027722 ], [ 127.432327, 36.028314 ], [ 127.434557, 36.029495 ], [ 127.434929, 36.025998 ], [ 127.434295, 36.024344 ], [ 127.436758, 36.023005 ], [ 127.437086, 36.019292 ], [ 127.435627, 36.016373 ], [ 127.435363, 36.013565 ], [ 127.437504, 36.011945 ], [ 127.437243, 36.009332 ], [ 127.440335, 36.007947 ], [ 127.443592, 36.008064 ], [ 127.444614, 36.006367 ], [ 127.444151, 36.003565 ], [ 127.44812, 35.998924 ], [ 127.447698, 35.997368 ], [ 127.449033, 35.995412 ], [ 127.448606, 35.993151 ], [ 127.450597, 35.991637 ], [ 127.451899, 35.989032 ], [ 127.454799, 35.987256 ], [ 127.45481, 35.98506 ], [ 127.456746, 35.983276 ], [ 127.459517, 35.984313 ], [ 127.461688, 35.983666 ], [ 127.463926, 35.983939 ], [ 127.466252, 35.988083 ], [ 127.46837, 35.988087 ], [ 127.471715, 35.984937 ], [ 127.471691, 35.984136 ], [ 127.474569, 35.981505 ], [ 127.478048, 35.980461 ], [ 127.482297, 35.980422 ], [ 127.485175, 35.979921 ], [ 127.487728, 35.978264 ], [ 127.489281, 35.979374 ], [ 127.49033, 35.98231 ], [ 127.492697, 35.98363 ], [ 127.494409, 35.986184 ], [ 127.499336, 35.98738 ], [ 127.502324, 35.985797 ], [ 127.502371, 35.983798 ], [ 127.504874, 35.982389 ], [ 127.506713, 35.979614 ], [ 127.508889, 35.979781 ], [ 127.509952, 35.982138 ], [ 127.514115, 35.983367 ], [ 127.519756, 35.983221 ], [ 127.520703, 35.984515 ], [ 127.523603, 35.985533 ], [ 127.524425, 35.985077 ], [ 127.525911, 35.987428 ], [ 127.528758, 35.990136 ], [ 127.53364, 35.992007 ], [ 127.53403, 35.99367 ], [ 127.536656, 35.996451 ], [ 127.536114, 36.000507 ], [ 127.534185, 36.00389 ], [ 127.534224, 36.004962 ], [ 127.532156, 36.007521 ], [ 127.533064, 36.009635 ], [ 127.536559, 36.010577 ], [ 127.538698, 36.010552 ], [ 127.539706, 36.012417 ], [ 127.538074, 36.014449 ], [ 127.537504, 36.016518 ], [ 127.537919, 36.01854 ], [ 127.536104, 36.021069 ], [ 127.538121, 36.023647 ], [ 127.538842, 36.025879 ], [ 127.537396, 36.027036 ], [ 127.536879, 36.03259 ], [ 127.535648, 36.033995 ], [ 127.532003, 36.034569 ], [ 127.531936, 36.037008 ], [ 127.530818, 36.038939 ], [ 127.531421, 36.040843 ], [ 127.533157, 36.041134 ], [ 127.53532, 36.040008 ], [ 127.537885, 36.040049 ], [ 127.540984, 36.038123 ], [ 127.544485, 36.038806 ], [ 127.545379, 36.037691 ], [ 127.547779, 36.038209 ], [ 127.551232, 36.034815 ], [ 127.552204, 36.032771 ], [ 127.555366, 36.032417 ], [ 127.558859, 36.033392 ], [ 127.560802, 36.032518 ], [ 127.562475, 36.030718 ], [ 127.564639, 36.031377 ], [ 127.567762, 36.030467 ], [ 127.570481, 36.026904 ], [ 127.572839, 36.025918 ], [ 127.574533, 36.023302 ], [ 127.577749, 36.023874 ], [ 127.580614, 36.025248 ], [ 127.582561, 36.027227 ], [ 127.586515, 36.025982 ], [ 127.58977, 36.026046 ], [ 127.591236, 36.025152 ], [ 127.592059, 36.020508 ], [ 127.596298, 36.019008 ], [ 127.59945, 36.014022 ], [ 127.600065, 36.011941 ], [ 127.606593, 36.01191 ], [ 127.60767, 36.009956 ], [ 127.606615, 36.008136 ], [ 127.609811, 36.005448 ], [ 127.610569, 36.001045 ], [ 127.614153, 36.000804 ], [ 127.616, 36.002842 ], [ 127.615939, 36.003887 ], [ 127.618663, 36.007982 ], [ 127.617332, 36.013005 ], [ 127.616442, 36.019056 ], [ 127.613635, 36.021436 ], [ 127.610971, 36.022301 ], [ 127.610273, 36.0244 ], [ 127.611337, 36.025879 ], [ 127.613117, 36.026313 ], [ 127.61855, 36.025966 ], [ 127.622134, 36.024522 ], [ 127.625278, 36.025309 ], [ 127.62691, 36.026912 ], [ 127.627544, 36.031464 ], [ 127.630092, 36.032433 ], [ 127.632633, 36.031485 ], [ 127.63533, 36.028684 ], [ 127.637997, 36.031804 ], [ 127.639748, 36.032252 ], [ 127.637054, 36.035167 ], [ 127.634281, 36.034572 ], [ 127.631925, 36.036348 ], [ 127.631417, 36.041067 ], [ 127.630535, 36.042152 ], [ 127.627355, 36.042629 ], [ 127.621215, 36.040957 ], [ 127.6191, 36.039173 ], [ 127.619604, 36.040599 ], [ 127.618491, 36.041936 ], [ 127.619669, 36.044293 ], [ 127.619673, 36.047335 ], [ 127.618631, 36.0496 ], [ 127.61864, 36.052657 ], [ 127.619515, 36.055103 ], [ 127.61961, 36.05868 ], [ 127.620313, 36.060153 ], [ 127.620551, 36.064205 ], [ 127.623924, 36.067272 ], [ 127.627563, 36.066585 ], [ 127.632908, 36.066844 ], [ 127.635909, 36.067509 ], [ 127.637998, 36.066672 ], [ 127.638203, 36.068229 ] ], [ [ 126.754362, 37.41751 ], [ 126.755046, 37.41821 ], [ 126.753254, 37.422702 ], [ 126.754984, 37.422702 ], [ 126.756018, 37.424099 ], [ 126.758488, 37.425097 ], [ 126.758984, 37.426902 ], [ 126.764526, 37.426034 ], [ 126.769206, 37.427506 ], [ 126.771095, 37.431497 ], [ 126.768999, 37.431952 ], [ 126.77114, 37.434774 ], [ 126.769401, 37.441939 ], [ 126.768278, 37.443564 ], [ 126.771111, 37.446414 ], [ 126.770333, 37.4475 ], [ 126.771626, 37.449317 ], [ 126.773742, 37.450517 ], [ 126.779023, 37.451021 ], [ 126.780432, 37.454978 ], [ 126.77737, 37.457163 ], [ 126.778838, 37.459702 ], [ 126.777744, 37.462788 ], [ 126.77982, 37.465831 ], [ 126.779434, 37.468301 ], [ 126.777867, 37.470023 ], [ 126.778197, 37.471795 ], [ 126.774595, 37.471421 ], [ 126.772824, 37.472379 ], [ 126.767753, 37.471743 ], [ 126.767081, 37.47365 ], [ 126.76516, 37.475182 ], [ 126.762186, 37.475697 ], [ 126.759159, 37.47692 ], [ 126.758256, 37.478824 ], [ 126.754961, 37.48092 ], [ 126.755549, 37.482873 ], [ 126.749994, 37.485413 ], [ 126.747338, 37.485329 ], [ 126.742354, 37.486949 ], [ 126.742411, 37.490562 ], [ 126.741757, 37.49508 ], [ 126.743737, 37.501792 ], [ 126.741471, 37.508988 ], [ 126.743653, 37.510253 ], [ 126.745933, 37.515207 ], [ 126.748997, 37.514676 ], [ 126.752395, 37.515421 ], [ 126.753747, 37.516849 ], [ 126.757001, 37.515879 ], [ 126.760276, 37.515916 ], [ 126.760606, 37.51971 ], [ 126.760308, 37.524079 ], [ 126.760396, 37.531388 ], [ 126.760144, 37.535493 ], [ 126.760833, 37.539057 ], [ 126.762322, 37.539503 ], [ 126.7615, 37.541796 ], [ 126.763727, 37.54275 ], [ 126.763394, 37.546732 ], [ 126.764524, 37.549061 ], [ 126.763876, 37.550752 ], [ 126.766527, 37.553111 ], [ 126.766204, 37.554242 ] ], [ [ 126.766204, 37.554242 ], [ 126.764559, 37.555444 ], [ 126.769149, 37.557134 ], [ 126.772381, 37.556985 ], [ 126.771822, 37.5586 ], [ 126.776109, 37.561864 ], [ 126.777842, 37.559933 ], [ 126.777102, 37.563719 ], [ 126.775132, 37.565879 ], [ 126.774762, 37.567708 ], [ 126.776749, 37.566063 ], [ 126.78024, 37.567445 ], [ 126.781804, 37.569388 ], [ 126.780485, 37.570275 ], [ 126.78263, 37.570547 ], [ 126.781451, 37.571496 ], [ 126.782408, 37.573606 ], [ 126.787614, 37.575584 ], [ 126.789343, 37.577723 ], [ 126.790586, 37.577809 ], [ 126.790728, 37.580612 ], [ 126.792865, 37.580221 ], [ 126.793695, 37.581594 ] ], [ [ 126.766204, 37.554242 ], [ 126.767407, 37.554223 ], [ 126.767465, 37.551951 ], [ 126.769789, 37.551066 ], [ 126.771691, 37.548307 ], [ 126.775293, 37.548971 ], [ 126.777563, 37.546712 ], [ 126.781836, 37.546068 ], [ 126.787261, 37.546076 ], [ 126.788711, 37.544819 ], [ 126.791819, 37.543746 ], [ 126.79181, 37.541902 ], [ 126.794944, 37.541372 ], [ 126.793885, 37.53955 ], [ 126.794425, 37.535829 ], [ 126.799479, 37.537767 ], [ 126.798862, 37.540293 ], [ 126.80185, 37.542716 ], [ 126.807502, 37.543543 ], [ 126.812334, 37.540737 ], [ 126.822119, 37.540677 ], [ 126.821591, 37.539712 ], [ 126.822434, 37.536543 ], [ 126.821922, 37.534828 ], [ 126.825558, 37.529847 ], [ 126.828214, 37.529029 ], [ 126.828149, 37.525833 ], [ 126.825137, 37.523005 ], [ 126.825617, 37.52008 ], [ 126.823105, 37.51622 ], [ 126.824256, 37.514468 ], [ 126.823904, 37.509095 ], [ 126.824694, 37.508321 ], [ 126.822223, 37.507687 ], [ 126.82255, 37.505685 ], [ 126.821564, 37.502156 ], [ 126.819415, 37.500789 ], [ 126.81964, 37.49921 ], [ 126.816097, 37.497644 ], [ 126.81414, 37.498126 ], [ 126.813012, 37.4964 ], [ 126.814575, 37.493193 ], [ 126.817889, 37.491535 ], [ 126.822762, 37.489979 ], [ 126.823587, 37.487742 ], [ 126.819317, 37.485502 ], [ 126.819986, 37.481644 ], [ 126.818256, 37.478164 ], [ 126.815296, 37.476362 ], [ 126.814629, 37.474649 ], [ 126.81764, 37.473188 ], [ 126.819576, 37.476355 ], [ 126.829204, 37.476195 ], [ 126.831748, 37.477651 ], [ 126.833052, 37.477246 ], [ 126.834872, 37.475751 ], [ 126.83464, 37.474363 ], [ 126.838341, 37.475413 ], [ 126.841032, 37.474648 ], [ 126.842782, 37.474972 ], [ 126.845361, 37.473812 ], [ 126.846049, 37.480925 ], [ 126.847016, 37.48191 ], [ 126.8527, 37.481819 ], [ 126.855507, 37.485407 ], [ 126.857971, 37.486085 ], [ 126.861384, 37.489968 ], [ 126.864555, 37.491021 ], [ 126.86737, 37.493074 ], [ 126.868349, 37.495108 ], [ 126.870067, 37.493486 ], [ 126.869346, 37.491636 ], [ 126.870228, 37.489596 ], [ 126.87413, 37.491338 ], [ 126.87244, 37.489536 ], [ 126.873078, 37.488253 ], [ 126.87679, 37.488571 ], [ 126.874556, 37.485367 ], [ 126.873137, 37.486152 ], [ 126.871763, 37.485269 ], [ 126.873297, 37.484181 ], [ 126.873379, 37.482434 ], [ 126.875986, 37.477104 ], [ 126.878011, 37.473828 ], [ 126.881593, 37.469417 ], [ 126.881631, 37.468459 ], [ 126.884618, 37.466012 ], [ 126.882746, 37.464391 ], [ 126.884317, 37.462724 ], [ 126.887122, 37.462904 ], [ 126.888876, 37.460947 ], [ 126.886072, 37.460859 ], [ 126.886403, 37.456173 ], [ 126.889163, 37.454746 ], [ 126.889642, 37.452315 ], [ 126.89276, 37.452039 ], [ 126.893983, 37.452717 ], [ 126.89605, 37.448043 ], [ 126.89465, 37.446698 ], [ 126.897269, 37.445437 ], [ 126.899926, 37.439556 ], [ 126.898978, 37.438702 ], [ 126.899145, 37.438668 ], [ 126.902751, 37.435862 ], [ 126.902988, 37.434068 ], [ 126.907254, 37.433518 ], [ 126.909396, 37.43386 ], [ 126.911333, 37.436171 ], [ 126.912309, 37.438579 ], [ 126.916125, 37.440053 ], [ 126.919264, 37.439852 ], [ 126.922763, 37.444041 ], [ 126.923253, 37.445773 ], [ 126.928399, 37.450212 ], [ 126.930166, 37.448384 ], [ 126.930554, 37.445468 ], [ 126.936647, 37.441746 ], [ 126.937864, 37.440198 ], [ 126.937247, 37.439213 ], [ 126.938622, 37.436029 ], [ 126.94022, 37.435712 ], [ 126.941424, 37.437404 ], [ 126.94509, 37.437088 ], [ 126.948363, 37.438713 ], [ 126.949284, 37.43825 ], [ 126.952411, 37.43919 ], [ 126.955109, 37.438692 ], [ 126.958966, 37.43907 ], [ 126.960056, 37.440401 ], [ 126.963803, 37.440787 ], [ 126.964634, 37.44204 ], [ 126.96429, 37.446267 ], [ 126.967663, 37.448381 ], [ 126.970569, 37.449453 ], [ 126.971753, 37.451737 ], [ 126.97458, 37.454413 ], [ 126.978477, 37.455735 ], [ 126.982398, 37.455891 ], [ 126.981904, 37.456936 ], [ 126.986613, 37.457212 ], [ 126.988636, 37.458166 ], [ 126.993354, 37.461496 ], [ 126.996769, 37.461873 ], [ 126.997371, 37.463687 ], [ 126.996231, 37.466608 ], [ 126.99878, 37.467234 ], [ 127.002735, 37.467125 ], [ 127.003675, 37.46772 ], [ 127.004905, 37.465843 ], [ 127.00447, 37.464073 ], [ 127.008532, 37.458052 ], [ 127.010657, 37.456151 ], [ 127.01451, 37.454861 ], [ 127.017545, 37.456135 ], [ 127.019692, 37.455787 ], [ 127.022793, 37.457251 ], [ 127.025278, 37.457494 ], [ 127.026572, 37.459642 ], [ 127.028362, 37.459894 ], [ 127.028043, 37.461245 ], [ 127.029316, 37.462701 ], [ 127.029527, 37.465374 ], [ 127.031196, 37.465626 ], [ 127.034672, 37.464089 ], [ 127.033891, 37.460078 ], [ 127.034924, 37.460175 ], [ 127.035016, 37.457894 ], [ 127.037128, 37.455208 ], [ 127.034755, 37.452617 ], [ 127.035776, 37.452196 ], [ 127.037812, 37.448922 ], [ 127.037254, 37.446448 ], [ 127.038206, 37.445859 ], [ 127.037483, 37.443267 ], [ 127.035172, 37.440942 ], [ 127.035574, 37.439004 ], [ 127.037068, 37.438275 ], [ 127.040053, 37.438237 ], [ 127.046312, 37.433447 ], [ 127.047369, 37.430702 ], [ 127.04958, 37.43027 ], [ 127.052169, 37.42834 ], [ 127.05807, 37.430011 ], [ 127.061145, 37.429985 ], [ 127.065682, 37.428985 ], [ 127.06672, 37.43013 ], [ 127.070032, 37.43091 ], [ 127.07152, 37.434117 ], [ 127.07144, 37.435864 ], [ 127.07376, 37.437789 ], [ 127.072008, 37.438857 ], [ 127.071626, 37.441524 ], [ 127.076011, 37.442139 ], [ 127.080172, 37.441051 ], [ 127.082432, 37.441579 ], [ 127.083862, 37.443921 ], [ 127.086421, 37.444262 ], [ 127.088161, 37.445385 ], [ 127.088327, 37.448627 ], [ 127.090959, 37.452783 ], [ 127.092726, 37.453634 ], [ 127.09354, 37.455888 ], [ 127.095223, 37.456394 ], [ 127.099096, 37.456219 ], [ 127.102634, 37.459867 ], [ 127.10478, 37.46116 ], [ 127.104341, 37.462174 ], [ 127.106467, 37.462424 ], [ 127.11182, 37.461644 ], [ 127.115893, 37.458592 ], [ 127.116896, 37.458641 ], [ 127.117527, 37.462267 ], [ 127.121439, 37.464372 ], [ 127.124207, 37.46652 ], [ 127.125203, 37.46962 ], [ 127.126666, 37.468625 ], [ 127.130545, 37.467739 ], [ 127.1328, 37.468394 ], [ 127.131983, 37.469798 ], [ 127.132845, 37.471538 ], [ 127.132856, 37.474626 ], [ 127.135468, 37.47424 ], [ 127.143527, 37.47393 ], [ 127.14437, 37.477331 ], [ 127.147145, 37.477222 ], [ 127.147459, 37.481589 ], [ 127.148683, 37.484043 ], [ 127.158514, 37.489666 ], [ 127.158651, 37.492427 ], [ 127.160026, 37.494375 ], [ 127.159779, 37.496824 ], [ 127.16139, 37.500201 ], [ 127.157729, 37.503179 ], [ 127.156555, 37.501894 ], [ 127.152109, 37.50297 ], [ 127.150205, 37.504742 ], [ 127.147695, 37.503212 ], [ 127.141132, 37.505464 ], [ 127.141517, 37.506708 ], [ 127.139935, 37.508524 ], [ 127.14144, 37.5124 ], [ 127.143528, 37.512657 ], [ 127.143395, 37.51387 ], [ 127.140614, 37.515589 ], [ 127.144604, 37.515606 ], [ 127.145092, 37.516835 ], [ 127.144786, 37.519624 ], [ 127.145666, 37.521932 ], [ 127.147797, 37.522149 ], [ 127.150402, 37.526372 ], [ 127.152687, 37.528529 ], [ 127.153934, 37.53192 ], [ 127.153567, 37.533665 ], [ 127.157651, 37.53927 ], [ 127.16031, 37.541626 ], [ 127.163163, 37.544991 ], [ 127.166924, 37.544322 ], [ 127.166978, 37.545202 ], [ 127.169764, 37.544805 ], [ 127.172107, 37.545534 ], [ 127.176586, 37.545337 ], [ 127.179331, 37.546567 ], [ 127.181256, 37.54658 ], [ 127.183539, 37.54517 ], [ 127.182676, 37.547875 ], [ 127.183119, 37.551081 ], [ 127.18134, 37.552965 ], [ 127.181995, 37.560992 ], [ 127.179584, 37.565496 ], [ 127.179216, 37.568918 ], [ 127.177877, 37.57187 ], [ 127.175683, 37.574899 ], [ 127.175442, 37.578363 ], [ 127.176883, 37.579265 ], [ 127.177155, 37.5812 ], [ 127.171837, 37.579262 ], [ 127.168648, 37.578997 ], [ 127.166747, 37.578976 ], [ 127.162555, 37.57673 ], [ 127.156899, 37.572954 ], [ 127.14895, 37.568434 ], [ 127.137666, 37.568424 ], [ 127.134266, 37.567954 ], [ 127.12861, 37.56616 ], [ 127.122956, 37.56349 ], [ 127.117339, 37.559464 ], [ 127.115226, 37.55676 ], [ 127.113315, 37.55683 ], [ 127.113863, 37.558429 ], [ 127.112297, 37.559 ], [ 127.109529, 37.558554 ], [ 127.106396, 37.556462 ], [ 127.104929, 37.556422 ], [ 127.101859, 37.559494 ], [ 127.101205, 37.56158 ], [ 127.103455, 37.57005 ], [ 127.10423, 37.571388 ], [ 127.101665, 37.572401 ], [ 127.100888, 37.573763 ], [ 127.101144, 37.576071 ], [ 127.10344, 37.580595 ], [ 127.108967, 37.583379 ], [ 127.110675, 37.589156 ], [ 127.113337, 37.59326 ], [ 127.116664, 37.594017 ], [ 127.116877, 37.595497 ], [ 127.114064, 37.599521 ], [ 127.118047, 37.604602 ], [ 127.118477, 37.607613 ], [ 127.116698, 37.608849 ], [ 127.117483, 37.611771 ], [ 127.116672, 37.616015 ], [ 127.117147, 37.617888 ], [ 127.115021, 37.619538 ], [ 127.110519, 37.621055 ], [ 127.105556, 37.620371 ], [ 127.104066, 37.621653 ], [ 127.105906, 37.627595 ], [ 127.111632, 37.631503 ], [ 127.112483, 37.636489 ], [ 127.110566, 37.639364 ], [ 127.112286, 37.640179 ], [ 127.111257, 37.642375 ], [ 127.109289, 37.642859 ], [ 127.107692, 37.644967 ], [ 127.103867, 37.645489 ], [ 127.098908, 37.644034 ], [ 127.09457, 37.644571 ], [ 127.092466, 37.64971 ], [ 127.094, 37.652295 ], [ 127.092352, 37.655492 ], [ 127.091207, 37.659335 ], [ 127.094142, 37.663299 ], [ 127.094979, 37.6676 ], [ 127.096237, 37.668829 ], [ 127.095751, 37.672673 ], [ 127.094615, 37.673536 ], [ 127.093854, 37.676659 ], [ 127.091947, 37.67919 ], [ 127.092919, 37.681552 ], [ 127.096423, 37.685637 ], [ 127.095996, 37.689071 ], [ 127.093037, 37.689966 ], [ 127.090552, 37.68957 ], [ 127.086531, 37.689912 ], [ 127.083905, 37.691782 ], [ 127.083843, 37.694269 ], [ 127.081105, 37.696137 ], [ 127.074907, 37.69522 ], [ 127.072658, 37.6938 ], [ 127.069151, 37.69369 ], [ 127.067827, 37.694773 ], [ 127.062732, 37.694676 ], [ 127.062209, 37.692805 ], [ 127.05966, 37.690332 ], [ 127.055179, 37.689205 ], [ 127.051804, 37.687067 ], [ 127.051798, 37.685815 ], [ 127.04982, 37.687977 ], [ 127.049966, 37.69087 ], [ 127.048632, 37.694063 ], [ 127.045973, 37.692429 ], [ 127.043037, 37.693622 ], [ 127.043073, 37.695231 ], [ 127.041109, 37.6953 ], [ 127.038498, 37.693286 ], [ 127.032414, 37.691839 ], [ 127.031026, 37.693075 ], [ 127.029729, 37.696272 ], [ 127.029286, 37.699292 ], [ 127.027687, 37.700937 ], [ 127.025315, 37.699581 ], [ 127.022148, 37.699721 ], [ 127.019827, 37.701017 ], [ 127.015415, 37.701455 ], [ 127.013879, 37.698801 ], [ 127.012125, 37.697378 ], [ 127.009666, 37.6967 ], [ 127.009712, 37.693363 ], [ 127.007621, 37.691618 ], [ 127.008293, 37.690115 ], [ 127.008664, 37.68445 ], [ 127.004527, 37.685089 ], [ 127.00224, 37.683593 ], [ 127.001687, 37.684344 ], [ 126.997311, 37.683466 ], [ 126.994076, 37.680324 ], [ 126.992198, 37.679627 ], [ 126.993247, 37.677661 ], [ 126.994074, 37.672761 ], [ 126.993561, 37.667804 ], [ 126.994129, 37.66703 ], [ 126.992225, 37.665232 ], [ 126.988268, 37.664391 ], [ 126.987277, 37.6606 ], [ 126.986021, 37.658943 ], [ 126.982857, 37.65645 ], [ 126.979658, 37.656039 ], [ 126.981048, 37.652713 ], [ 126.983937, 37.64961 ], [ 126.984929, 37.646067 ], [ 126.983247, 37.643684 ], [ 126.984257, 37.641645 ], [ 126.986133, 37.640428 ], [ 126.984202, 37.63634 ], [ 126.981416, 37.63483 ], [ 126.977805, 37.633911 ], [ 126.975369, 37.631698 ], [ 126.97303, 37.632375 ], [ 126.968236, 37.63073 ], [ 126.965228, 37.630768 ], [ 126.963767, 37.629793 ], [ 126.959798, 37.62973 ], [ 126.963329, 37.633245 ], [ 126.959971, 37.641462 ], [ 126.959268, 37.642133 ], [ 126.959027, 37.646783 ], [ 126.957839, 37.648048 ], [ 126.957108, 37.652837 ], [ 126.954352, 37.654595 ], [ 126.951376, 37.65495 ], [ 126.947882, 37.657126 ], [ 126.947565, 37.659215 ], [ 126.9421, 37.657722 ], [ 126.940128, 37.656636 ], [ 126.937163, 37.652316 ], [ 126.935706, 37.651203 ], [ 126.929699, 37.650048 ], [ 126.924123, 37.646106 ], [ 126.913721, 37.644756 ], [ 126.90481, 37.649128 ], [ 126.907705, 37.64629 ], [ 126.91228, 37.644315 ], [ 126.910092, 37.638509 ], [ 126.91121, 37.635906 ], [ 126.907096, 37.633398 ], [ 126.907294, 37.630867 ], [ 126.90877, 37.629328 ], [ 126.908611, 37.626266 ], [ 126.906627, 37.624496 ], [ 126.907117, 37.621941 ], [ 126.905231, 37.619075 ], [ 126.903361, 37.618839 ], [ 126.901823, 37.615754 ], [ 126.901734, 37.614069 ], [ 126.900304, 37.611191 ], [ 126.902108, 37.603742 ], [ 126.900153, 37.603116 ], [ 126.901323, 37.599367 ], [ 126.901012, 37.597337 ], [ 126.90183, 37.595141 ], [ 126.898962, 37.592678 ], [ 126.899644, 37.589817 ], [ 126.896859, 37.588567 ], [ 126.893328, 37.589067 ], [ 126.892236, 37.588522 ], [ 126.889579, 37.589132 ], [ 126.887159, 37.588533 ], [ 126.885824, 37.58953 ], [ 126.885598, 37.591502 ], [ 126.887338, 37.59392 ], [ 126.885153, 37.593826 ], [ 126.882056, 37.590792 ], [ 126.880349, 37.589506 ], [ 126.879133, 37.586772 ], [ 126.877542, 37.586247 ], [ 126.876663, 37.58126 ], [ 126.877632, 37.579748 ], [ 126.87626, 37.578185 ], [ 126.864941, 37.577472 ], [ 126.859286, 37.574915 ], [ 126.853629, 37.573799 ], [ 126.853632, 37.571791 ], [ 126.848381, 37.575157 ], [ 126.84324, 37.578879 ], [ 126.838098, 37.581793 ], [ 126.83176, 37.585843 ], [ 126.827812, 37.587485 ], [ 126.819303, 37.59285 ], [ 126.817526, 37.59533 ], [ 126.811369, 37.598961 ], [ 126.802581, 37.605033 ], [ 126.798174, 37.600336 ], [ 126.797082, 37.597739 ], [ 126.797453, 37.595251 ], [ 126.800407, 37.592413 ], [ 126.798801, 37.591323 ], [ 126.801227, 37.589349 ], [ 126.800738, 37.587835 ], [ 126.798768, 37.588073 ], [ 126.797097, 37.584273 ], [ 126.795722, 37.583121 ], [ 126.793441, 37.58452 ], [ 126.793695, 37.581594 ] ], [ [ 126.829137, 36.947538 ], [ 126.8342, 36.94983 ] ], [ [ 127.287829, 36.893779 ], [ 127.284546, 36.895324 ], [ 127.283498, 36.897282 ], [ 127.279157, 36.90041 ], [ 127.279755, 36.904446 ], [ 127.278841, 36.90625 ], [ 127.274575, 36.908684 ], [ 127.273286, 36.912246 ], [ 127.274289, 36.913442 ], [ 127.273045, 36.914012 ], [ 127.270293, 36.913271 ], [ 127.266884, 36.913729 ], [ 127.265733, 36.915056 ], [ 127.261624, 36.914714 ], [ 127.258609, 36.915874 ], [ 127.25588, 36.918754 ], [ 127.253132, 36.922436 ], [ 127.248908, 36.921211 ], [ 127.248935, 36.919039 ], [ 127.244049, 36.917599 ], [ 127.243143, 36.918565 ], [ 127.239408, 36.919464 ], [ 127.237314, 36.92091 ], [ 127.236347, 36.923723 ], [ 127.233742, 36.923611 ], [ 127.231882, 36.924678 ], [ 127.228649, 36.924414 ], [ 127.225638, 36.927159 ], [ 127.221995, 36.928599 ], [ 127.219485, 36.93036 ], [ 127.217698, 36.929409 ], [ 127.216748, 36.930681 ], [ 127.211606, 36.930167 ], [ 127.209858, 36.931234 ], [ 127.210158, 36.934162 ], [ 127.211793, 36.936952 ], [ 127.211247, 36.938557 ], [ 127.205733, 36.942018 ], [ 127.206867, 36.946134 ], [ 127.204862, 36.947705 ], [ 127.204272, 36.949842 ], [ 127.201291, 36.952 ], [ 127.195453, 36.951947 ], [ 127.190751, 36.952486 ], [ 127.187984, 36.955239 ], [ 127.18512, 36.954991 ], [ 127.180408, 36.956746 ], [ 127.179075, 36.957812 ], [ 127.178198, 36.962517 ], [ 127.176671, 36.962213 ], [ 127.172316, 36.963246 ], [ 127.165531, 36.961661 ], [ 127.161752, 36.964018 ], [ 127.158439, 36.963815 ], [ 127.155363, 36.964459 ], [ 127.155523, 36.96691 ], [ 127.158007, 36.967059 ], [ 127.159203, 36.969743 ], [ 127.154612, 36.970452 ], [ 127.152363, 36.969364 ], [ 127.148894, 36.969549 ], [ 127.147212, 36.970876 ], [ 127.143664, 36.971051 ], [ 127.135651, 36.967618 ], [ 127.137152, 36.965905 ], [ 127.136107, 36.965563 ], [ 127.132337, 36.966991 ], [ 127.129663, 36.966418 ], [ 127.124321, 36.96836 ], [ 127.121626, 36.968228 ], [ 127.120214, 36.970347 ], [ 127.114399, 36.971473 ], [ 127.113658, 36.972958 ], [ 127.111912, 36.97213 ], [ 127.111236, 36.969619 ], [ 127.107476, 36.968447 ], [ 127.106917, 36.966256 ], [ 127.102505, 36.964761 ], [ 127.10069, 36.960652 ], [ 127.098301, 36.960787 ], [ 127.096515, 36.959537 ], [ 127.096395, 36.955721 ], [ 127.098436, 36.954463 ], [ 127.100747, 36.95443 ], [ 127.102919, 36.952745 ], [ 127.097003, 36.947994 ], [ 127.095764, 36.942374 ], [ 127.093839, 36.942378 ], [ 127.091915, 36.943448 ], [ 127.089832, 36.945701 ], [ 127.086212, 36.947738 ], [ 127.084157, 36.945961 ], [ 127.078147, 36.942369 ], [ 127.074082, 36.938625 ], [ 127.073796, 36.939808 ], [ 127.071546, 36.940676 ], [ 127.068357, 36.94026 ], [ 127.067731, 36.942241 ], [ 127.065487, 36.941927 ], [ 127.062374, 36.939739 ], [ 127.059313, 36.939083 ], [ 127.058502, 36.937395 ], [ 127.05471, 36.937582 ], [ 127.052779, 36.935271 ], [ 127.04758, 36.933218 ], [ 127.043489, 36.933689 ], [ 127.042235, 36.932802 ], [ 127.037216, 36.932249 ], [ 127.033446, 36.928725 ], [ 127.030637, 36.928157 ], [ 127.029976, 36.928826 ], [ 127.025797, 36.928747 ], [ 127.024116, 36.93036 ], [ 127.022035, 36.930629 ], [ 127.020847, 36.93235 ], [ 127.020826, 36.934602 ], [ 127.019108, 36.933592 ], [ 127.015017, 36.935418 ], [ 127.011498, 36.934222 ], [ 127.010493, 36.935826 ], [ 127.007445, 36.935729 ], [ 127.007404, 36.934176 ], [ 127.003716, 36.935161 ], [ 127.00263, 36.933631 ], [ 126.999693, 36.933778 ], [ 126.995182, 36.935359 ], [ 126.991527, 36.933511 ], [ 126.985551, 36.932486 ], [ 126.979783, 36.928207 ], [ 126.973745, 36.925863 ], [ 126.965237, 36.923832 ], [ 126.9542, 36.920574 ], [ 126.939626, 36.917331 ], [ 126.916743, 36.906209 ], [ 126.910321, 36.901683 ], [ 126.909658, 36.901596 ] ], [ [ 127.744751, 37.213646 ], [ 127.746359, 37.214477 ], [ 127.748935, 37.218336 ], [ 127.749207, 37.221938 ], [ 127.747179, 37.227157 ], [ 127.746915, 37.229767 ], [ 127.747981, 37.232427 ], [ 127.747245, 37.233943 ], [ 127.746883, 37.239973 ], [ 127.749414, 37.247165 ], [ 127.752671, 37.252609 ], [ 127.756953, 37.257824 ], [ 127.757489, 37.260261 ], [ 127.759441, 37.264292 ], [ 127.759337, 37.266736 ], [ 127.76066, 37.269012 ], [ 127.759324, 37.270088 ], [ 127.759562, 37.273553 ], [ 127.759084, 37.277046 ], [ 127.756589, 37.277176 ], [ 127.757674, 37.278803 ], [ 127.753977, 37.284226 ], [ 127.755564, 37.284978 ], [ 127.753531, 37.288977 ], [ 127.750038, 37.291962 ], [ 127.749576, 37.295303 ], [ 127.750656, 37.297977 ], [ 127.754613, 37.297742 ], [ 127.757556, 37.300131 ], [ 127.762144, 37.302242 ], [ 127.765665, 37.301407 ], [ 127.768195, 37.30152 ], [ 127.767697, 37.304713 ], [ 127.76832, 37.306693 ], [ 127.768148, 37.309527 ], [ 127.766792, 37.310758 ], [ 127.764925, 37.315323 ], [ 127.765389, 37.317375 ], [ 127.763482, 37.318311 ], [ 127.762096, 37.321139 ], [ 127.762936, 37.322497 ], [ 127.759784, 37.330098 ], [ 127.758394, 37.330847 ], [ 127.762965, 37.334428 ], [ 127.760837, 37.337053 ], [ 127.760693, 37.340817 ], [ 127.759072, 37.341376 ], [ 127.758892, 37.344471 ], [ 127.757984, 37.34577 ], [ 127.758633, 37.348379 ], [ 127.758351, 37.350789 ], [ 127.760758, 37.352635 ], [ 127.759728, 37.355338 ], [ 127.760541, 37.357398 ], [ 127.759354, 37.359728 ], [ 127.76052, 37.360974 ], [ 127.761142, 37.364958 ], [ 127.759599, 37.36706 ], [ 127.760006, 37.368208 ], [ 127.762873, 37.369977 ], [ 127.76708, 37.369525 ], [ 127.775323, 37.370376 ], [ 127.777365, 37.371235 ], [ 127.778936, 37.370771 ], [ 127.776681, 37.374681 ], [ 127.777434, 37.376469 ], [ 127.775792, 37.378956 ], [ 127.7767, 37.380888 ], [ 127.776658, 37.383326 ], [ 127.778616, 37.385746 ], [ 127.780373, 37.386835 ], [ 127.782744, 37.387127 ], [ 127.784094, 37.38883 ], [ 127.781683, 37.393042 ], [ 127.784528, 37.395513 ], [ 127.783706, 37.398703 ], [ 127.784761, 37.398705 ], [ 127.787828, 37.401131 ], [ 127.787823, 37.405325 ], [ 127.789594, 37.406984 ], [ 127.79067, 37.412043 ], [ 127.791791, 37.414161 ], [ 127.792184, 37.418447 ], [ 127.793775, 37.420184 ], [ 127.793644, 37.422509 ], [ 127.795021, 37.424981 ], [ 127.797516, 37.426882 ], [ 127.802312, 37.427293 ], [ 127.804005, 37.429096 ], [ 127.803355, 37.43433 ], [ 127.800466, 37.438641 ], [ 127.798388, 37.442591 ], [ 127.799372, 37.445818 ], [ 127.799382, 37.45177 ], [ 127.797229, 37.456904 ], [ 127.79791, 37.458723 ], [ 127.796573, 37.459768 ], [ 127.79647, 37.463722 ], [ 127.799427, 37.465564 ], [ 127.800714, 37.467861 ], [ 127.800974, 37.470037 ], [ 127.799787, 37.472383 ], [ 127.795151, 37.472583 ], [ 127.791075, 37.474863 ], [ 127.78958, 37.474797 ], [ 127.787574, 37.47764 ], [ 127.784846, 37.47869 ], [ 127.783695, 37.481428 ], [ 127.782167, 37.48168 ], [ 127.781288, 37.486391 ], [ 127.780188, 37.488651 ], [ 127.778023, 37.488017 ], [ 127.776066, 37.488545 ], [ 127.774689, 37.491746 ], [ 127.771353, 37.491765 ], [ 127.770097, 37.492692 ], [ 127.768182, 37.49217 ], [ 127.765301, 37.493073 ], [ 127.764043, 37.491918 ], [ 127.762116, 37.492717 ], [ 127.760193, 37.492218 ], [ 127.759421, 37.495415 ], [ 127.760304, 37.49876 ], [ 127.759914, 37.503306 ], [ 127.764661, 37.502656 ], [ 127.767363, 37.50367 ], [ 127.769705, 37.505401 ], [ 127.77179, 37.505185 ], [ 127.774849, 37.50666 ], [ 127.778738, 37.510085 ], [ 127.781119, 37.513062 ], [ 127.783704, 37.512138 ], [ 127.787117, 37.514976 ], [ 127.788787, 37.518552 ], [ 127.791293, 37.519892 ], [ 127.794487, 37.522505 ], [ 127.796399, 37.523106 ], [ 127.795036, 37.52489 ], [ 127.796344, 37.528582 ], [ 127.801639, 37.529142 ], [ 127.806473, 37.531171 ], [ 127.806232, 37.53492 ], [ 127.809596, 37.537014 ], [ 127.810059, 37.538064 ], [ 127.81367, 37.537974 ], [ 127.815255, 37.537129 ], [ 127.820752, 37.537844 ], [ 127.822043, 37.538449 ], [ 127.825689, 37.537873 ], [ 127.828272, 37.536639 ], [ 127.830548, 37.538009 ], [ 127.831729, 37.537556 ], [ 127.833626, 37.539208 ], [ 127.837301, 37.538191 ], [ 127.8396, 37.539057 ], [ 127.842023, 37.538901 ], [ 127.843044, 37.541918 ], [ 127.846026, 37.54447 ], [ 127.844972, 37.545694 ], [ 127.845138, 37.547725 ], [ 127.847618, 37.549523 ], [ 127.848076, 37.552302 ], [ 127.844756, 37.553583 ], [ 127.840389, 37.556791 ], [ 127.839511, 37.559217 ], [ 127.834277, 37.560586 ], [ 127.83232, 37.561566 ], [ 127.828001, 37.561258 ], [ 127.827042, 37.560608 ], [ 127.823765, 37.561831 ], [ 127.823387, 37.563099 ], [ 127.820611, 37.5628 ], [ 127.81413, 37.564152 ], [ 127.812615, 37.568468 ], [ 127.811007, 37.569103 ], [ 127.810414, 37.571671 ], [ 127.809089, 37.573772 ], [ 127.805633, 37.574091 ], [ 127.804872, 37.575057 ], [ 127.804077, 37.57931 ], [ 127.800746, 37.580971 ], [ 127.799976, 37.582775 ], [ 127.792902, 37.58529 ], [ 127.79132, 37.583642 ], [ 127.790078, 37.580614 ], [ 127.787861, 37.578909 ], [ 127.784438, 37.578119 ], [ 127.7792, 37.579956 ], [ 127.776075, 37.580045 ], [ 127.771484, 37.581947 ], [ 127.76905, 37.581737 ], [ 127.766571, 37.582669 ], [ 127.764616, 37.585855 ], [ 127.761284, 37.587591 ], [ 127.757984, 37.586812 ], [ 127.757061, 37.589317 ], [ 127.756098, 37.589499 ], [ 127.754106, 37.592065 ], [ 127.751414, 37.590542 ], [ 127.747533, 37.589947 ], [ 127.744704, 37.587878 ], [ 127.741542, 37.587959 ], [ 127.739396, 37.587095 ], [ 127.737643, 37.588101 ], [ 127.732338, 37.588266 ], [ 127.729505, 37.589589 ], [ 127.726822, 37.589057 ], [ 127.723125, 37.590626 ], [ 127.721269, 37.590335 ], [ 127.715888, 37.58807 ], [ 127.713667, 37.588997 ], [ 127.711594, 37.587489 ], [ 127.707895, 37.586353 ], [ 127.706349, 37.588405 ], [ 127.699444, 37.590065 ], [ 127.697431, 37.591848 ], [ 127.698227, 37.593678 ], [ 127.700836, 37.596117 ], [ 127.697115, 37.59875 ], [ 127.69619, 37.600794 ], [ 127.691679, 37.601335 ], [ 127.689173, 37.60419 ], [ 127.686686, 37.604506 ], [ 127.685941, 37.606364 ], [ 127.683378, 37.608229 ], [ 127.67943, 37.609408 ], [ 127.669911, 37.6162 ], [ 127.667521, 37.617251 ], [ 127.664727, 37.620243 ], [ 127.664404, 37.622933 ], [ 127.661707, 37.624322 ], [ 127.657408, 37.62256 ], [ 127.653394, 37.622306 ], [ 127.649851, 37.624149 ], [ 127.647361, 37.629003 ], [ 127.646988, 37.632737 ], [ 127.639433, 37.632643 ], [ 127.639014, 37.634727 ], [ 127.637707, 37.635749 ], [ 127.634113, 37.635572 ], [ 127.633589, 37.636881 ], [ 127.634393, 37.639746 ], [ 127.630889, 37.639355 ], [ 127.626439, 37.643083 ], [ 127.624602, 37.642601 ], [ 127.621896, 37.639572 ], [ 127.621173, 37.640066 ], [ 127.621802, 37.642826 ], [ 127.618931, 37.643413 ], [ 127.618106, 37.64585 ], [ 127.615504, 37.647031 ], [ 127.613324, 37.645657 ], [ 127.610014, 37.647629 ], [ 127.609031, 37.649882 ], [ 127.606606, 37.650814 ], [ 127.602194, 37.651537 ], [ 127.600314, 37.647861 ], [ 127.596611, 37.645808 ], [ 127.593197, 37.645064 ], [ 127.591514, 37.643627 ], [ 127.585972, 37.642853 ], [ 127.583256, 37.640134 ], [ 127.583486, 37.63559 ], [ 127.580655, 37.633398 ], [ 127.577921, 37.632821 ], [ 127.575366, 37.633609 ], [ 127.571417, 37.632001 ], [ 127.568848, 37.632061 ], [ 127.564681, 37.633157 ], [ 127.559402, 37.628497 ], [ 127.555294, 37.630232 ], [ 127.554266, 37.631424 ], [ 127.548258, 37.633208 ], [ 127.547251, 37.637707 ], [ 127.543716, 37.637859 ], [ 127.542648, 37.639528 ], [ 127.537937, 37.641478 ], [ 127.535682, 37.645018 ], [ 127.535245, 37.647156 ], [ 127.535655, 37.650695 ], [ 127.538297, 37.650594 ], [ 127.543854, 37.65173 ], [ 127.546219, 37.65786 ], [ 127.549325, 37.65906 ], [ 127.552816, 37.661528 ], [ 127.551703, 37.66513 ], [ 127.549609, 37.666842 ], [ 127.549049, 37.668614 ], [ 127.549823, 37.671336 ], [ 127.549541, 37.674876 ], [ 127.550801, 37.677247 ], [ 127.550639, 37.687042 ], [ 127.551497, 37.690186 ], [ 127.554166, 37.6953 ], [ 127.555261, 37.700108 ], [ 127.556574, 37.701687 ], [ 127.555796, 37.704363 ], [ 127.55863, 37.706043 ], [ 127.558298, 37.709618 ], [ 127.558819, 37.710904 ], [ 127.558045, 37.713915 ], [ 127.559715, 37.716564 ], [ 127.561081, 37.716956 ], [ 127.561863, 37.720072 ], [ 127.561276, 37.722216 ], [ 127.559758, 37.723156 ], [ 127.559347, 37.724928 ], [ 127.559912, 37.728577 ], [ 127.556602, 37.729227 ], [ 127.553749, 37.728794 ], [ 127.551229, 37.727564 ], [ 127.549275, 37.723931 ], [ 127.542511, 37.719864 ], [ 127.540172, 37.719458 ], [ 127.533887, 37.721929 ], [ 127.529623, 37.726423 ], [ 127.524705, 37.726468 ], [ 127.513425, 37.717592 ], [ 127.511862, 37.715682 ], [ 127.509505, 37.716929 ], [ 127.507067, 37.720594 ], [ 127.506148, 37.724153 ], [ 127.507112, 37.731359 ], [ 127.511215, 37.736435 ], [ 127.516871, 37.740267 ], [ 127.522668, 37.742788 ], [ 127.534076, 37.748602 ], [ 127.542086, 37.754665 ], [ 127.543438, 37.756444 ], [ 127.54488, 37.760075 ], [ 127.544987, 37.763632 ], [ 127.540924, 37.770875 ], [ 127.537585, 37.77452 ], [ 127.533616, 37.778112 ], [ 127.530616, 37.781728 ], [ 127.525678, 37.785345 ], [ 127.522258, 37.788948 ], [ 127.520814, 37.792543 ], [ 127.52305, 37.79617 ], [ 127.526756, 37.799765 ], [ 127.533087, 37.806919 ], [ 127.537354, 37.810541 ], [ 127.536628, 37.814121 ], [ 127.53494, 37.817711 ], [ 127.532029, 37.820282 ], [ 127.527802, 37.821633 ], [ 127.525639, 37.822873 ], [ 127.524592, 37.825001 ], [ 127.524803, 37.829672 ], [ 127.525619, 37.832924 ], [ 127.529443, 37.839723 ], [ 127.532443, 37.842152 ], [ 127.537031, 37.84502 ], [ 127.540459, 37.846552 ], [ 127.545825, 37.846792 ], [ 127.549652, 37.846538 ], [ 127.550427, 37.850724 ], [ 127.550088, 37.851931 ], [ 127.558528, 37.856453 ], [ 127.563239, 37.85588 ], [ 127.563877, 37.85803 ], [ 127.566838, 37.859223 ], [ 127.565887, 37.861236 ], [ 127.568595, 37.866973 ], [ 127.571867, 37.868908 ], [ 127.572245, 37.869933 ], [ 127.577887, 37.874014 ], [ 127.580615, 37.874306 ], [ 127.584621, 37.876294 ], [ 127.590597, 37.875707 ], [ 127.594237, 37.876017 ], [ 127.598167, 37.874847 ], [ 127.603212, 37.874201 ], [ 127.605849, 37.876492 ], [ 127.606712, 37.879499 ], [ 127.609095, 37.883518 ], [ 127.607632, 37.88648 ], [ 127.607403, 37.88966 ], [ 127.60901, 37.893324 ], [ 127.610211, 37.89391 ], [ 127.611182, 37.897211 ], [ 127.613461, 37.898821 ], [ 127.615818, 37.90473 ], [ 127.617053, 37.905996 ], [ 127.616584, 37.911905 ], [ 127.613965, 37.918408 ], [ 127.612138, 37.920924 ], [ 127.612045, 37.924056 ], [ 127.616584, 37.928266 ], [ 127.61597, 37.930909 ], [ 127.612606, 37.937768 ], [ 127.612672, 37.940476 ], [ 127.608968, 37.94307 ], [ 127.603736, 37.944491 ], [ 127.601758, 37.948102 ], [ 127.602661, 37.951708 ], [ 127.602445, 37.954999 ], [ 127.600418, 37.956537 ], [ 127.594785, 37.957226 ], [ 127.592258, 37.958082 ], [ 127.590269, 37.959732 ], [ 127.584723, 37.961752 ], [ 127.579342, 37.961143 ], [ 127.576534, 37.962982 ], [ 127.571331, 37.964 ], [ 127.561891, 37.96277 ], [ 127.558385, 37.963145 ], [ 127.556319, 37.964606 ], [ 127.550663, 37.966112 ], [ 127.547376, 37.966458 ], [ 127.545225, 37.967732 ], [ 127.544309, 37.969389 ], [ 127.544245, 37.974111 ], [ 127.544662, 37.975704 ], [ 127.546165, 37.976305 ], [ 127.547166, 37.978281 ], [ 127.545882, 37.981577 ], [ 127.546108, 37.983908 ], [ 127.544616, 37.986098 ], [ 127.543643, 37.991183 ], [ 127.539877, 38.000568 ], [ 127.536922, 38.000659 ], [ 127.531095, 38.002388 ], [ 127.52934, 38.001652 ], [ 127.523379, 38.001553 ], [ 127.520585, 38.00101 ], [ 127.512372, 38.000209 ], [ 127.508904, 38.001311 ], [ 127.503923, 37.997953 ], [ 127.500534, 38.000493 ], [ 127.498059, 38.001283 ], [ 127.4974, 38.003714 ], [ 127.489657, 38.005028 ], [ 127.485298, 38.004895 ], [ 127.481521, 38.006234 ], [ 127.471556, 38.006453 ], [ 127.469658, 38.008842 ], [ 127.46296, 38.011717 ], [ 127.457529, 38.01699 ], [ 127.455243, 38.025206 ], [ 127.456356, 38.026717 ], [ 127.455383, 38.029212 ], [ 127.453401, 38.030797 ], [ 127.453234, 38.032663 ], [ 127.451873, 38.034605 ], [ 127.451022, 38.038085 ], [ 127.452697, 38.043975 ], [ 127.452906, 38.047186 ], [ 127.448358, 38.050512 ], [ 127.446239, 38.051214 ], [ 127.446722, 38.054221 ], [ 127.444584, 38.057261 ], [ 127.444795, 38.061334 ], [ 127.446096, 38.063979 ], [ 127.44674, 38.067235 ], [ 127.446744, 38.071216 ], [ 127.44448, 38.074778 ], [ 127.446383, 38.077633 ], [ 127.447076, 38.080729 ], [ 127.446442, 38.085562 ], [ 127.444802, 38.087984 ], [ 127.445877, 38.092691 ], [ 127.445167, 38.09747 ], [ 127.441577, 38.10351 ], [ 127.441361, 38.10679 ], [ 127.440453, 38.108832 ], [ 127.437482, 38.110481 ], [ 127.434303, 38.110629 ], [ 127.430532, 38.115366 ], [ 127.425408, 38.111147 ], [ 127.425072, 38.109008 ], [ 127.421743, 38.106177 ], [ 127.420415, 38.106097 ], [ 127.4175, 38.103876 ], [ 127.413408, 38.102013 ], [ 127.410396, 38.102937 ], [ 127.405524, 38.102954 ], [ 127.405542, 38.106293 ], [ 127.404401, 38.106937 ], [ 127.403305, 38.110311 ], [ 127.403452, 38.112961 ], [ 127.400672, 38.113761 ], [ 127.396814, 38.113315 ], [ 127.393323, 38.113535 ], [ 127.391702, 38.114537 ], [ 127.383893, 38.114602 ], [ 127.383272, 38.117081 ], [ 127.381747, 38.116876 ], [ 127.378614, 38.118429 ], [ 127.377054, 38.117769 ], [ 127.372213, 38.113741 ], [ 127.371839, 38.1105 ], [ 127.366775, 38.10819 ], [ 127.365941, 38.10693 ], [ 127.362201, 38.107089 ], [ 127.356339, 38.105962 ], [ 127.353419, 38.104161 ], [ 127.352085, 38.10499 ], [ 127.350679, 38.104106 ], [ 127.348134, 38.104826 ], [ 127.345178, 38.102589 ], [ 127.340982, 38.101806 ], [ 127.339265, 38.100767 ], [ 127.338285, 38.095858 ], [ 127.338869, 38.09268 ], [ 127.337618, 38.090073 ], [ 127.332906, 38.091396 ], [ 127.32872, 38.094381 ], [ 127.323424, 38.094917 ], [ 127.32067, 38.094684 ], [ 127.317547, 38.098276 ], [ 127.316273, 38.098638 ], [ 127.316325, 38.102021 ], [ 127.313475, 38.106013 ], [ 127.312108, 38.109447 ], [ 127.312622, 38.110389 ], [ 127.31099, 38.114291 ], [ 127.311719, 38.114859 ], [ 127.309822, 38.118025 ], [ 127.307553, 38.119019 ], [ 127.306323, 38.11633 ], [ 127.300589, 38.115233 ], [ 127.297085, 38.115908 ], [ 127.292546, 38.114146 ], [ 127.291672, 38.115352 ], [ 127.288572, 38.116401 ], [ 127.286087, 38.114288 ], [ 127.284558, 38.116102 ], [ 127.282751, 38.116488 ], [ 127.282026, 38.120341 ], [ 127.283111, 38.122081 ], [ 127.280568, 38.125143 ], [ 127.277198, 38.124935 ], [ 127.275813, 38.124176 ], [ 127.276776, 38.128044 ], [ 127.276322, 38.132653 ], [ 127.274725, 38.133901 ], [ 127.274617, 38.135829 ], [ 127.275907, 38.138899 ], [ 127.279745, 38.142543 ], [ 127.281947, 38.143738 ], [ 127.284264, 38.146848 ], [ 127.28466, 38.149461 ], [ 127.286405, 38.152639 ], [ 127.284013, 38.157352 ], [ 127.284612, 38.160449 ], [ 127.287, 38.161394 ], [ 127.287371, 38.164562 ], [ 127.288569, 38.164559 ], [ 127.288238, 38.167987 ], [ 127.288996, 38.169457 ], [ 127.292698, 38.171774 ], [ 127.296192, 38.172483 ], [ 127.29799, 38.175203 ], [ 127.29774, 38.176278 ], [ 127.293991, 38.177276 ], [ 127.288503, 38.176797 ], [ 127.286356, 38.178979 ], [ 127.286112, 38.180281 ], [ 127.284437, 38.180472 ], [ 127.283922, 38.182588 ], [ 127.27626, 38.182401 ], [ 127.274848, 38.181124 ], [ 127.270091, 38.181925 ], [ 127.268398, 38.180253 ], [ 127.266682, 38.180602 ], [ 127.264677, 38.178525 ], [ 127.266461, 38.175767 ], [ 127.264353, 38.171577 ], [ 127.261772, 38.170249 ], [ 127.260113, 38.170375 ], [ 127.256189, 38.164332 ], [ 127.25605, 38.162991 ], [ 127.252675, 38.162447 ], [ 127.24399, 38.157498 ], [ 127.240459, 38.157149 ], [ 127.237211, 38.154289 ], [ 127.237762, 38.151209 ], [ 127.235692, 38.149167 ], [ 127.234652, 38.147107 ], [ 127.232789, 38.146858 ], [ 127.231262, 38.147826 ], [ 127.228468, 38.147559 ], [ 127.226343, 38.148375 ], [ 127.223807, 38.147034 ], [ 127.224357, 38.143626 ], [ 127.224136, 38.14073 ], [ 127.222187, 38.139482 ], [ 127.222042, 38.137432 ], [ 127.219193, 38.139065 ], [ 127.216969, 38.141274 ], [ 127.212554, 38.143421 ], [ 127.212578, 38.146013 ], [ 127.21133, 38.146946 ], [ 127.208263, 38.147184 ], [ 127.203366, 38.152159 ], [ 127.198945, 38.155707 ], [ 127.195214, 38.156636 ], [ 127.194754, 38.157537 ], [ 127.190829, 38.159721 ], [ 127.188932, 38.161819 ], [ 127.187618, 38.166972 ], [ 127.187544, 38.169133 ], [ 127.186425, 38.171008 ], [ 127.185856, 38.17388 ], [ 127.186522, 38.176545 ], [ 127.189009, 38.181084 ], [ 127.18844, 38.184168 ], [ 127.189207, 38.188296 ], [ 127.185345, 38.187558 ], [ 127.183341, 38.185897 ], [ 127.180549, 38.186131 ], [ 127.175562, 38.19124 ], [ 127.172596, 38.19537 ], [ 127.169617, 38.198124 ], [ 127.173456, 38.201673 ], [ 127.175135, 38.205484 ], [ 127.172116, 38.209691 ], [ 127.171166, 38.213493 ], [ 127.164461, 38.215969 ], [ 127.161016, 38.218264 ], [ 127.160272, 38.219903 ], [ 127.161842, 38.223631 ], [ 127.160201, 38.225404 ], [ 127.160764, 38.228353 ], [ 127.162911, 38.232441 ], [ 127.161492, 38.234767 ], [ 127.163294, 38.238481 ], [ 127.159018, 38.239213 ], [ 127.157786, 38.238923 ], [ 127.153859, 38.240306 ], [ 127.153244, 38.241867 ], [ 127.148923, 38.242344 ], [ 127.14734, 38.241652 ], [ 127.147293, 38.240061 ], [ 127.143233, 38.237676 ], [ 127.140014, 38.237715 ], [ 127.137241, 38.236091 ], [ 127.135079, 38.236501 ], [ 127.135095, 38.234125 ], [ 127.130581, 38.232751 ], [ 127.126701, 38.23409 ], [ 127.123049, 38.232804 ], [ 127.12083, 38.233887 ], [ 127.1168, 38.236997 ], [ 127.114417, 38.236351 ], [ 127.112268, 38.238426 ], [ 127.111336, 38.241045 ], [ 127.1099, 38.24184 ], [ 127.109573, 38.244192 ], [ 127.111566, 38.247388 ], [ 127.110699, 38.248947 ], [ 127.110253, 38.252898 ], [ 127.108069, 38.258299 ], [ 127.108004, 38.261128 ], [ 127.109191, 38.263242 ], [ 127.10908, 38.26733 ], [ 127.108093, 38.268412 ], [ 127.110546, 38.269362 ], [ 127.109653, 38.271654 ], [ 127.105311, 38.272192 ], [ 127.101678, 38.273388 ], [ 127.101017, 38.275599 ], [ 127.103637, 38.277737 ], [ 127.104537, 38.279426 ], [ 127.103211, 38.280788 ], [ 127.095037, 38.281081 ], [ 127.095127, 38.281384 ] ], [ [ 127.282124, 36.414612 ], [ 127.291086, 36.416152 ], [ 127.291142, 36.418536 ], [ 127.293486, 36.418577 ], [ 127.295312, 36.41977 ], [ 127.294192, 36.422203 ], [ 127.296418, 36.423208 ], [ 127.299364, 36.42288 ], [ 127.301474, 36.421841 ], [ 127.303502, 36.424676 ], [ 127.310295, 36.424883 ], [ 127.314121, 36.422922 ], [ 127.316371, 36.420495 ], [ 127.319141, 36.421474 ], [ 127.321698, 36.423696 ], [ 127.326298, 36.422095 ], [ 127.329149, 36.423321 ], [ 127.332728, 36.426504 ], [ 127.337573, 36.428349 ], [ 127.341005, 36.430969 ], [ 127.34016, 36.43616 ], [ 127.342577, 36.437882 ], [ 127.34428, 36.443291 ], [ 127.347388, 36.446402 ], [ 127.349744, 36.447986 ], [ 127.353416, 36.447872 ], [ 127.355799, 36.450273 ], [ 127.355761, 36.453557 ], [ 127.358621, 36.455896 ], [ 127.356794, 36.458721 ], [ 127.357661, 36.461479 ], [ 127.356069, 36.464015 ], [ 127.35877, 36.465 ], [ 127.359644, 36.466143 ], [ 127.359003, 36.46761 ], [ 127.359792, 36.469832 ], [ 127.362347, 36.470719 ], [ 127.362031, 36.47174 ], [ 127.363884, 36.475221 ], [ 127.361582, 36.477023 ], [ 127.360259, 36.481611 ], [ 127.358113, 36.482531 ], [ 127.359138, 36.487317 ], [ 127.360987, 36.490878 ], [ 127.36346, 36.489614 ], [ 127.368137, 36.488228 ], [ 127.368905, 36.48959 ], [ 127.37082, 36.490158 ], [ 127.374214, 36.492538 ], [ 127.377591, 36.495619 ], [ 127.380337, 36.499539 ], [ 127.383855, 36.500231 ], [ 127.38693, 36.498638 ], [ 127.396121, 36.491721 ] ], [ [ 127.282124, 36.414612 ], [ 127.279862, 36.415396 ], [ 127.277259, 36.414009 ], [ 127.275689, 36.413949 ], [ 127.271971, 36.415532 ], [ 127.265493, 36.417175 ], [ 127.259808, 36.415519 ], [ 127.258576, 36.413691 ], [ 127.259563, 36.410354 ], [ 127.257908, 36.408232 ], [ 127.255237, 36.408124 ], [ 127.250579, 36.406843 ], [ 127.249541, 36.409193 ], [ 127.245579, 36.413431 ], [ 127.24315, 36.415462 ], [ 127.243665, 36.41884 ], [ 127.239937, 36.418393 ], [ 127.235626, 36.418808 ], [ 127.231925, 36.419909 ], [ 127.231709, 36.421945 ], [ 127.22878, 36.422796 ], [ 127.226933, 36.421221 ], [ 127.225643, 36.422295 ], [ 127.225115, 36.42665 ], [ 127.222525, 36.428227 ], [ 127.221203, 36.430239 ], [ 127.219602, 36.430757 ], [ 127.217707, 36.433738 ], [ 127.212573, 36.43496 ], [ 127.212678, 36.43561 ], [ 127.207121, 36.436146 ], [ 127.20049, 36.438864 ], [ 127.198934, 36.439884 ], [ 127.20139, 36.441975 ], [ 127.200988, 36.445 ], [ 127.201817, 36.446317 ], [ 127.201342, 36.449116 ], [ 127.198399, 36.452207 ], [ 127.201202, 36.454155 ], [ 127.203078, 36.454265 ], [ 127.203253, 36.457489 ], [ 127.204734, 36.45929 ], [ 127.203277, 36.464978 ], [ 127.201086, 36.466803 ], [ 127.198642, 36.465616 ], [ 127.19637, 36.468122 ], [ 127.194748, 36.46876 ], [ 127.193483, 36.472569 ], [ 127.192017, 36.474667 ], [ 127.191915, 36.476336 ], [ 127.190482, 36.479471 ], [ 127.19345, 36.481537 ], [ 127.193256, 36.482604 ], [ 127.194822, 36.484386 ], [ 127.194676, 36.489594 ], [ 127.190054, 36.491 ], [ 127.188315, 36.492622 ], [ 127.183359, 36.493383 ], [ 127.180204, 36.491811 ], [ 127.176835, 36.492481 ], [ 127.174876, 36.494786 ], [ 127.174485, 36.496813 ], [ 127.17324, 36.497441 ], [ 127.173466, 36.499207 ], [ 127.175695, 36.500556 ], [ 127.177193, 36.499933 ], [ 127.178565, 36.502581 ], [ 127.175851, 36.503444 ], [ 127.176261, 36.505336 ], [ 127.174594, 36.505439 ], [ 127.173592, 36.507362 ], [ 127.16999, 36.509038 ], [ 127.171168, 36.511069 ], [ 127.170162, 36.511554 ], [ 127.173186, 36.513617 ], [ 127.173534, 36.514911 ], [ 127.182072, 36.520767 ], [ 127.181729, 36.522241 ], [ 127.175222, 36.529994 ], [ 127.174922, 36.53298 ], [ 127.173018, 36.533457 ], [ 127.172668, 36.536144 ], [ 127.174343, 36.538255 ], [ 127.174241, 36.54219 ], [ 127.178779, 36.54552 ], [ 127.181174, 36.545599 ], [ 127.182793, 36.544106 ], [ 127.185035, 36.543663 ], [ 127.187008, 36.545798 ], [ 127.191827, 36.546025 ], [ 127.191458, 36.547266 ], [ 127.189478, 36.548337 ], [ 127.186114, 36.552321 ], [ 127.187928, 36.553059 ], [ 127.189267, 36.55472 ], [ 127.189443, 36.557341 ], [ 127.19176, 36.561547 ], [ 127.193187, 36.5622 ], [ 127.192677, 36.563482 ], [ 127.193788, 36.564813 ], [ 127.197487, 36.564547 ], [ 127.2031, 36.567444 ], [ 127.203732, 36.572655 ], [ 127.206862, 36.57529 ], [ 127.207538, 36.577639 ], [ 127.205665, 36.580769 ], [ 127.200399, 36.582568 ], [ 127.197013, 36.581094 ], [ 127.194467, 36.580655 ], [ 127.190888, 36.583528 ], [ 127.191187, 36.584503 ], [ 127.189255, 36.586839 ], [ 127.191351, 36.593938 ], [ 127.189228, 36.594559 ], [ 127.187052, 36.593488 ], [ 127.187336, 36.592324 ], [ 127.184322, 36.591203 ], [ 127.181935, 36.593017 ], [ 127.181947, 36.595145 ], [ 127.17839, 36.596891 ], [ 127.172685, 36.595518 ], [ 127.172579, 36.596799 ], [ 127.170732, 36.599171 ], [ 127.169836, 36.599077 ], [ 127.167835, 36.601125 ], [ 127.167127, 36.602867 ], [ 127.165655, 36.602427 ], [ 127.162718, 36.604375 ], [ 127.158599, 36.605356 ], [ 127.157897, 36.606329 ], [ 127.155884, 36.606011 ], [ 127.155832, 36.609143 ], [ 127.154985, 36.612081 ], [ 127.155985, 36.615146 ], [ 127.154952, 36.616545 ], [ 127.15062, 36.618334 ], [ 127.15043, 36.61975 ], [ 127.15307, 36.621874 ], [ 127.154989, 36.624209 ], [ 127.157413, 36.623416 ], [ 127.16011, 36.624072 ], [ 127.160367, 36.626281 ], [ 127.157052, 36.627233 ], [ 127.156289, 36.6317 ], [ 127.158082, 36.635363 ], [ 127.156427, 36.637851 ], [ 127.15756, 36.639174 ], [ 127.156343, 36.641372 ], [ 127.154144, 36.642681 ], [ 127.153144, 36.645213 ], [ 127.154617, 36.650702 ], [ 127.154289, 36.65245 ], [ 127.160569, 36.656119 ], [ 127.15931, 36.659053 ], [ 127.159042, 36.661351 ], [ 127.156163, 36.662755 ], [ 127.154361, 36.664417 ], [ 127.155272, 36.665269 ], [ 127.156117, 36.669038 ], [ 127.158723, 36.671327 ], [ 127.158557, 36.673027 ], [ 127.163447, 36.67623 ], [ 127.164124, 36.678498 ], [ 127.163662, 36.681202 ], [ 127.160856, 36.688093 ], [ 127.159871, 36.688161 ], [ 127.161445, 36.690219 ], [ 127.16035, 36.692727 ], [ 127.157114, 36.695657 ], [ 127.156628, 36.691141 ], [ 127.153343, 36.690982 ], [ 127.150888, 36.689454 ], [ 127.149026, 36.690944 ], [ 127.143828, 36.688998 ], [ 127.141749, 36.689984 ], [ 127.142906, 36.691781 ], [ 127.141767, 36.694226 ], [ 127.140481, 36.694582 ], [ 127.140903, 36.696885 ], [ 127.13883, 36.698254 ], [ 127.138289, 36.701663 ], [ 127.13603, 36.702941 ], [ 127.136144, 36.70504 ], [ 127.134379, 36.706792 ], [ 127.132031, 36.70616 ], [ 127.12799, 36.707972 ], [ 127.129559, 36.710225 ], [ 127.131645, 36.710271 ], [ 127.134438, 36.713277 ], [ 127.13567, 36.713019 ], [ 127.14054, 36.716004 ], [ 127.140934, 36.716847 ], [ 127.145114, 36.71752 ], [ 127.145919, 36.719028 ], [ 127.148828, 36.720561 ], [ 127.147619, 36.721844 ], [ 127.149444, 36.724795 ], [ 127.149288, 36.725932 ], [ 127.152051, 36.726808 ], [ 127.151934, 36.728952 ], [ 127.155446, 36.727482 ], [ 127.157526, 36.727456 ], [ 127.157646, 36.729715 ], [ 127.159454, 36.731504 ], [ 127.159644, 36.732844 ], [ 127.164695, 36.733822 ], [ 127.171219, 36.732226 ], [ 127.173581, 36.72869 ], [ 127.176995, 36.728555 ], [ 127.184361, 36.730042 ], [ 127.1873, 36.727987 ], [ 127.189424, 36.727777 ], [ 127.192585, 36.728641 ], [ 127.193848, 36.727707 ], [ 127.19541, 36.728598 ], [ 127.197283, 36.728193 ], [ 127.204221, 36.725072 ], [ 127.203669, 36.723739 ], [ 127.204808, 36.720876 ], [ 127.206289, 36.720692 ], [ 127.207839, 36.71904 ], [ 127.212305, 36.718108 ], [ 127.213484, 36.719006 ], [ 127.21511, 36.718213 ], [ 127.214848, 36.717074 ], [ 127.21814, 36.715588 ], [ 127.22363, 36.71572 ], [ 127.223637, 36.71166 ], [ 127.228624, 36.708196 ], [ 127.230343, 36.70782 ], [ 127.232241, 36.709051 ], [ 127.234256, 36.708799 ], [ 127.236405, 36.707452 ], [ 127.237047, 36.704409 ], [ 127.241752, 36.701236 ], [ 127.24437, 36.701086 ], [ 127.243872, 36.697947 ], [ 127.245711, 36.695892 ], [ 127.248049, 36.695048 ], [ 127.251217, 36.697013 ], [ 127.254097, 36.694957 ], [ 127.257098, 36.693724 ], [ 127.257916, 36.69222 ], [ 127.261464, 36.692753 ], [ 127.26523, 36.692204 ], [ 127.273477, 36.695266 ], [ 127.277709, 36.691349 ], [ 127.279971, 36.692135 ], [ 127.281357, 36.690408 ], [ 127.28529, 36.690671 ] ], [ [ 127.492577, 36.237954 ], [ 127.489971, 36.237096 ], [ 127.489387, 36.235731 ], [ 127.48997, 36.233482 ], [ 127.487291, 36.232856 ], [ 127.483546, 36.230357 ], [ 127.477857, 36.229669 ], [ 127.477984, 36.226866 ], [ 127.474422, 36.224947 ], [ 127.470998, 36.224586 ], [ 127.470359, 36.223506 ], [ 127.467302, 36.222347 ], [ 127.467832, 36.217053 ], [ 127.469406, 36.216009 ], [ 127.468917, 36.214557 ], [ 127.465321, 36.214332 ], [ 127.460284, 36.212919 ], [ 127.459242, 36.209746 ], [ 127.455212, 36.208034 ], [ 127.454092, 36.206586 ], [ 127.456385, 36.203596 ], [ 127.455875, 36.201086 ], [ 127.450716, 36.198815 ], [ 127.448029, 36.196706 ], [ 127.443694, 36.194753 ], [ 127.441102, 36.194787 ], [ 127.440757, 36.196599 ], [ 127.438204, 36.197149 ], [ 127.436739, 36.198518 ], [ 127.433531, 36.198576 ], [ 127.431181, 36.202126 ], [ 127.430919, 36.204126 ], [ 127.429371, 36.205206 ], [ 127.423658, 36.206151 ], [ 127.422337, 36.208064 ], [ 127.419559, 36.207127 ], [ 127.415624, 36.208864 ], [ 127.412094, 36.211399 ], [ 127.407999, 36.212893 ], [ 127.410641, 36.216811 ], [ 127.409665, 36.219009 ], [ 127.407519, 36.221402 ], [ 127.405719, 36.221584 ], [ 127.402482, 36.225886 ], [ 127.400908, 36.23012 ], [ 127.400714, 36.233159 ], [ 127.396618, 36.232123 ], [ 127.391509, 36.233667 ], [ 127.38979, 36.233379 ], [ 127.387343, 36.234152 ], [ 127.387256, 36.237287 ], [ 127.389026, 36.238129 ], [ 127.390648, 36.240613 ], [ 127.390859, 36.242763 ], [ 127.388506, 36.244942 ], [ 127.386412, 36.250672 ], [ 127.386557, 36.252509 ], [ 127.388221, 36.254227 ], [ 127.389954, 36.259349 ], [ 127.390258, 36.262271 ], [ 127.384396, 36.266662 ], [ 127.383334, 36.268591 ], [ 127.380782, 36.268692 ], [ 127.380873, 36.269515 ], [ 127.377628, 36.271486 ], [ 127.37246, 36.272179 ], [ 127.371766, 36.270243 ], [ 127.366674, 36.268738 ], [ 127.36367, 36.269789 ], [ 127.361825, 36.267024 ], [ 127.361848, 36.265537 ], [ 127.359502, 36.262586 ], [ 127.360467, 36.260932 ], [ 127.360819, 36.25627 ], [ 127.360023, 36.25381 ], [ 127.364157, 36.25156 ], [ 127.364448, 36.244792 ], [ 127.3642, 36.240822 ], [ 127.362944, 36.240345 ], [ 127.363608, 36.23869 ], [ 127.361143, 36.235092 ], [ 127.363402, 36.232303 ], [ 127.362016, 36.230241 ], [ 127.362297, 36.228339 ], [ 127.360111, 36.22668 ], [ 127.360356, 36.225487 ], [ 127.36299, 36.223632 ], [ 127.364557, 36.220025 ], [ 127.364197, 36.218901 ], [ 127.360394, 36.218206 ], [ 127.359431, 36.213918 ], [ 127.356309, 36.212322 ], [ 127.355558, 36.21289 ], [ 127.352968, 36.211839 ], [ 127.352831, 36.210641 ], [ 127.349545, 36.208036 ], [ 127.346867, 36.204127 ], [ 127.34769, 36.201003 ], [ 127.347587, 36.197567 ], [ 127.344022, 36.196664 ], [ 127.34386, 36.194635 ], [ 127.342148, 36.193416 ], [ 127.340732, 36.18891 ], [ 127.338146, 36.189087 ], [ 127.337946, 36.186335 ], [ 127.335512, 36.183372 ], [ 127.334032, 36.1831 ], [ 127.331698, 36.184056 ], [ 127.331954, 36.187964 ], [ 127.331091, 36.190574 ], [ 127.331634, 36.192991 ], [ 127.329814, 36.194182 ], [ 127.3321, 36.196201 ], [ 127.331817, 36.198804 ], [ 127.333569, 36.199825 ], [ 127.332001, 36.201513 ], [ 127.329807, 36.201847 ], [ 127.328141, 36.204081 ], [ 127.323946, 36.203158 ], [ 127.323179, 36.205342 ], [ 127.320867, 36.208926 ], [ 127.320729, 36.212231 ], [ 127.32155, 36.212948 ], [ 127.319597, 36.215418 ], [ 127.318075, 36.21593 ], [ 127.316394, 36.219508 ], [ 127.314461, 36.222406 ], [ 127.31146, 36.223064 ], [ 127.30639, 36.22616 ], [ 127.303567, 36.229735 ], [ 127.302796, 36.227161 ], [ 127.303698, 36.223249 ], [ 127.301095, 36.221359 ], [ 127.297323, 36.221525 ], [ 127.293568, 36.223123 ], [ 127.292745, 36.225901 ], [ 127.29164, 36.226795 ], [ 127.292972, 36.228961 ], [ 127.290068, 36.230819 ], [ 127.287271, 36.234619 ], [ 127.285845, 36.234482 ], [ 127.281997, 36.235963 ], [ 127.283247, 36.236887 ], [ 127.282105, 36.239815 ], [ 127.28244, 36.241939 ], [ 127.2803, 36.24435 ], [ 127.281388, 36.245571 ], [ 127.279908, 36.247165 ], [ 127.280387, 36.249294 ], [ 127.279145, 36.253109 ], [ 127.2824, 36.255788 ], [ 127.282253, 36.257974 ], [ 127.283338, 36.259092 ], [ 127.290123, 36.26239 ], [ 127.291935, 36.264242 ], [ 127.290136, 36.265912 ], [ 127.285863, 36.264815 ], [ 127.282092, 36.264928 ], [ 127.279645, 36.265891 ], [ 127.278116, 36.267405 ], [ 127.276111, 36.267862 ], [ 127.269358, 36.271398 ], [ 127.265352, 36.274361 ], [ 127.258772, 36.276051 ], [ 127.25422, 36.280475 ], [ 127.253805, 36.282108 ], [ 127.251262, 36.28399 ], [ 127.248898, 36.28697 ], [ 127.246653, 36.29096 ], [ 127.247985, 36.292976 ], [ 127.249674, 36.293228 ], [ 127.25118, 36.29568 ], [ 127.254059, 36.296869 ], [ 127.254657, 36.296199 ], [ 127.259849, 36.295654 ], [ 127.259278, 36.297136 ], [ 127.260664, 36.301852 ], [ 127.258421, 36.303505 ], [ 127.258012, 36.309933 ], [ 127.258698, 36.311542 ], [ 127.258139, 36.314329 ], [ 127.258419, 36.317639 ], [ 127.260105, 36.319484 ], [ 127.26078, 36.321695 ], [ 127.259766, 36.327248 ], [ 127.263048, 36.327254 ], [ 127.266112, 36.328533 ], [ 127.267847, 36.332248 ], [ 127.265594, 36.335817 ], [ 127.265731, 36.338042 ], [ 127.268646, 36.341002 ], [ 127.272428, 36.342958 ], [ 127.273126, 36.344275 ], [ 127.275699, 36.343877 ], [ 127.279118, 36.344822 ], [ 127.277476, 36.347125 ], [ 127.277418, 36.349909 ], [ 127.272413, 36.354123 ], [ 127.271092, 36.357423 ], [ 127.270722, 36.361177 ], [ 127.27235, 36.362621 ], [ 127.277675, 36.36529 ], [ 127.27705, 36.368377 ], [ 127.279352, 36.369395 ], [ 127.279235, 36.370645 ], [ 127.280552, 36.37421 ], [ 127.280305, 36.378696 ], [ 127.278854, 36.37991 ], [ 127.278979, 36.38377 ], [ 127.278302, 36.386376 ], [ 127.279165, 36.391481 ], [ 127.278482, 36.39676 ], [ 127.278778, 36.398689 ], [ 127.280725, 36.403325 ], [ 127.280623, 36.406808 ], [ 127.281794, 36.409006 ], [ 127.282124, 36.414612 ] ], [ [ 127.287829, 36.893779 ], [ 127.289876, 36.894022 ], [ 127.29041, 36.892397 ], [ 127.294556, 36.890981 ], [ 127.295986, 36.889752 ], [ 127.29927, 36.889798 ], [ 127.304017, 36.885421 ], [ 127.307884, 36.885387 ], [ 127.30835, 36.882174 ], [ 127.311212, 36.880344 ], [ 127.30951, 36.878211 ], [ 127.31068, 36.874815 ], [ 127.309857, 36.873436 ], [ 127.311293, 36.870488 ], [ 127.310613, 36.867884 ], [ 127.308578, 36.866962 ], [ 127.305788, 36.863376 ], [ 127.307297, 36.859703 ], [ 127.308754, 36.85978 ], [ 127.31273, 36.857467 ], [ 127.315356, 36.858984 ], [ 127.3193, 36.859065 ], [ 127.320924, 36.857925 ], [ 127.324515, 36.8569 ], [ 127.328131, 36.858163 ], [ 127.334796, 36.856181 ], [ 127.336495, 36.854687 ], [ 127.336028, 36.847297 ], [ 127.336657, 36.845067 ], [ 127.334619, 36.842142 ], [ 127.33418, 36.838092 ], [ 127.335607, 36.837427 ], [ 127.334099, 36.83236 ], [ 127.334538, 36.830667 ], [ 127.336601, 36.829728 ], [ 127.339288, 36.83125 ], [ 127.344529, 36.830274 ], [ 127.346369, 36.829306 ], [ 127.34818, 36.830362 ], [ 127.351025, 36.83081 ], [ 127.356054, 36.828653 ], [ 127.358083, 36.825443 ], [ 127.35715, 36.82356 ], [ 127.360752, 36.820553 ], [ 127.363972, 36.819743 ], [ 127.366614, 36.816969 ], [ 127.369519, 36.816256 ], [ 127.370954, 36.816705 ], [ 127.37411, 36.815982 ], [ 127.375337, 36.815028 ], [ 127.37779, 36.814983 ], [ 127.378852, 36.813866 ], [ 127.38149, 36.814083 ], [ 127.387866, 36.808474 ], [ 127.391608, 36.806587 ], [ 127.392969, 36.804212 ], [ 127.394206, 36.803926 ], [ 127.39568, 36.801499 ], [ 127.398766, 36.799031 ], [ 127.400807, 36.79909 ], [ 127.401718, 36.795149 ], [ 127.399718, 36.792617 ], [ 127.39731, 36.791148 ], [ 127.396003, 36.787836 ], [ 127.396746, 36.785927 ], [ 127.394983, 36.784095 ], [ 127.395497, 36.782478 ], [ 127.399818, 36.780856 ], [ 127.401556, 36.77879 ], [ 127.401897, 36.775712 ], [ 127.406382, 36.773827 ], [ 127.40865, 36.773885 ], [ 127.410845, 36.772833 ], [ 127.41295, 36.773217 ], [ 127.414351, 36.771012 ], [ 127.413911, 36.76985 ], [ 127.416856, 36.766325 ], [ 127.416841, 36.764261 ], [ 127.420317, 36.761012 ], [ 127.419698, 36.757662 ], [ 127.41515, 36.756608 ], [ 127.412802, 36.757421 ], [ 127.411303, 36.755849 ], [ 127.410733, 36.752959 ], [ 127.408434, 36.752206 ], [ 127.405598, 36.750262 ], [ 127.40401, 36.744879 ], [ 127.401287, 36.74646 ], [ 127.396021, 36.747933 ], [ 127.394561, 36.749816 ], [ 127.393648, 36.752526 ], [ 127.388655, 36.753489 ], [ 127.387168, 36.755954 ], [ 127.386371, 36.759285 ], [ 127.385017, 36.759643 ], [ 127.38188, 36.758175 ], [ 127.379236, 36.759085 ], [ 127.374861, 36.75798 ], [ 127.371463, 36.758564 ], [ 127.369586, 36.761575 ], [ 127.366934, 36.76094 ], [ 127.364558, 36.761541 ], [ 127.360077, 36.759717 ], [ 127.357814, 36.760973 ], [ 127.35557, 36.756017 ], [ 127.353787, 36.754668 ], [ 127.347841, 36.752926 ], [ 127.34392, 36.753706 ], [ 127.338895, 36.752589 ], [ 127.335508, 36.752642 ], [ 127.334287, 36.74887 ], [ 127.33254, 36.747554 ], [ 127.334079, 36.746938 ], [ 127.337112, 36.744345 ], [ 127.337405, 36.740115 ], [ 127.339891, 36.739799 ], [ 127.341513, 36.73847 ], [ 127.343166, 36.735695 ], [ 127.342468, 36.732823 ], [ 127.339995, 36.731521 ], [ 127.339203, 36.729725 ], [ 127.33755, 36.729304 ], [ 127.334928, 36.731315 ], [ 127.333345, 36.731103 ], [ 127.329447, 36.734444 ], [ 127.325464, 36.733671 ], [ 127.325203, 36.732059 ], [ 127.3227, 36.730939 ], [ 127.318461, 36.72525 ], [ 127.316848, 36.724385 ], [ 127.311087, 36.723849 ], [ 127.308707, 36.720646 ], [ 127.307987, 36.718133 ], [ 127.308136, 36.713885 ], [ 127.306101, 36.70827 ], [ 127.307108, 36.707902 ], [ 127.308398, 36.704805 ], [ 127.30408, 36.702151 ], [ 127.301321, 36.699977 ], [ 127.297479, 36.69914 ], [ 127.296547, 36.697652 ], [ 127.292011, 36.697299 ], [ 127.289487, 36.695409 ], [ 127.28529, 36.690671 ] ], [ [ 127.28529, 36.690671 ], [ 127.28886, 36.689502 ], [ 127.289538, 36.688191 ], [ 127.292137, 36.68709 ], [ 127.295552, 36.686621 ], [ 127.296661, 36.68577 ], [ 127.301829, 36.685737 ], [ 127.304418, 36.68504 ], [ 127.304558, 36.684137 ], [ 127.307625, 36.682022 ], [ 127.30753, 36.678316 ], [ 127.305205, 36.674238 ], [ 127.306092, 36.672249 ], [ 127.304852, 36.668087 ], [ 127.301238, 36.664058 ], [ 127.301015, 36.662047 ], [ 127.299746, 36.66219 ], [ 127.296752, 36.660782 ], [ 127.295927, 36.65957 ], [ 127.292939, 36.659835 ], [ 127.28916, 36.659322 ], [ 127.288898, 36.656748 ], [ 127.286808, 36.654197 ], [ 127.285897, 36.650146 ], [ 127.284402, 36.649992 ], [ 127.283631, 36.647359 ], [ 127.28162, 36.645143 ], [ 127.282778, 36.642294 ], [ 127.279516, 36.640697 ], [ 127.277009, 36.641867 ], [ 127.27565, 36.639804 ], [ 127.27736, 36.636591 ], [ 127.279991, 36.634219 ], [ 127.282282, 36.634601 ], [ 127.285901, 36.634183 ], [ 127.28723, 36.636127 ], [ 127.290561, 36.636892 ], [ 127.292261, 36.635189 ], [ 127.290737, 36.630156 ], [ 127.292012, 36.625037 ], [ 127.296303, 36.62424 ], [ 127.295817, 36.620971 ], [ 127.296409, 36.618975 ], [ 127.298883, 36.618661 ], [ 127.300265, 36.616455 ], [ 127.300051, 36.61436 ], [ 127.30159, 36.609296 ], [ 127.301174, 36.607662 ], [ 127.304949, 36.604365 ], [ 127.306409, 36.602038 ], [ 127.306125, 36.598714 ], [ 127.304947, 36.596641 ], [ 127.304843, 36.59139 ], [ 127.303531, 36.589833 ], [ 127.299865, 36.587697 ], [ 127.299821, 36.585953 ], [ 127.301828, 36.585325 ], [ 127.304048, 36.583338 ], [ 127.305768, 36.582996 ], [ 127.313206, 36.582872 ], [ 127.321439, 36.58378 ], [ 127.323045, 36.581915 ], [ 127.321491, 36.58131 ], [ 127.324789, 36.58033 ], [ 127.325455, 36.577712 ], [ 127.327194, 36.576047 ], [ 127.330968, 36.575054 ], [ 127.332508, 36.572586 ], [ 127.335764, 36.571064 ], [ 127.33655, 36.569986 ], [ 127.335155, 36.568096 ], [ 127.336584, 36.565348 ], [ 127.337017, 36.562839 ], [ 127.338238, 36.562349 ], [ 127.342846, 36.564458 ], [ 127.347128, 36.564453 ], [ 127.351001, 36.562212 ], [ 127.354877, 36.562824 ], [ 127.35626, 36.561685 ], [ 127.360484, 36.562277 ], [ 127.362579, 36.56444 ], [ 127.366094, 36.563938 ], [ 127.36826, 36.566197 ], [ 127.377549, 36.567829 ], [ 127.376991, 36.566624 ], [ 127.37396, 36.565235 ], [ 127.372044, 36.563619 ], [ 127.37603, 36.564401 ], [ 127.377984, 36.562936 ], [ 127.375005, 36.560214 ], [ 127.372705, 36.559959 ], [ 127.373751, 36.557637 ], [ 127.375557, 36.557858 ], [ 127.378097, 36.555167 ], [ 127.379231, 36.552586 ], [ 127.378525, 36.549806 ], [ 127.383186, 36.547865 ], [ 127.382671, 36.546378 ], [ 127.383874, 36.545476 ], [ 127.383884, 36.541533 ], [ 127.387816, 36.541144 ], [ 127.388981, 36.540386 ], [ 127.392334, 36.540014 ], [ 127.397822, 36.540213 ], [ 127.400194, 36.541784 ], [ 127.401825, 36.54124 ], [ 127.40325, 36.537821 ], [ 127.405013, 36.537311 ], [ 127.405852, 36.532984 ], [ 127.405622, 36.531396 ], [ 127.408544, 36.528521 ], [ 127.407975, 36.527811 ], [ 127.408601, 36.523691 ], [ 127.407655, 36.523078 ], [ 127.404328, 36.523926 ], [ 127.401493, 36.523654 ], [ 127.397635, 36.520578 ], [ 127.403754, 36.517379 ], [ 127.405352, 36.513028 ], [ 127.409044, 36.509748 ], [ 127.408785, 36.506317 ], [ 127.407623, 36.502979 ], [ 127.409002, 36.501882 ], [ 127.407883, 36.500147 ], [ 127.410804, 36.497752 ], [ 127.409826, 36.495321 ], [ 127.406719, 36.494792 ], [ 127.404328, 36.493711 ], [ 127.400296, 36.493444 ], [ 127.396121, 36.491721 ] ], [ [ 127.744751, 37.213646 ], [ 127.74413, 37.214861 ], [ 127.741798, 37.212184 ], [ 127.73674, 37.210193 ], [ 127.735139, 37.207055 ], [ 127.735578, 37.205528 ], [ 127.734435, 37.203154 ], [ 127.732398, 37.201594 ], [ 127.732833, 37.198785 ], [ 127.732501, 37.1958 ], [ 127.72835, 37.191787 ], [ 127.728272, 37.188343 ], [ 127.726407, 37.18254 ], [ 127.722798, 37.181569 ], [ 127.721519, 37.183062 ], [ 127.717637, 37.183831 ], [ 127.714517, 37.181122 ], [ 127.71391, 37.178446 ], [ 127.711109, 37.176611 ], [ 127.708368, 37.170766 ], [ 127.70675, 37.170695 ], [ 127.704855, 37.16752 ], [ 127.704827, 37.159882 ], [ 127.704273, 37.157648 ], [ 127.700571, 37.153646 ], [ 127.696238, 37.15212 ], [ 127.694496, 37.148827 ], [ 127.695001, 37.146959 ], [ 127.694083, 37.145596 ], [ 127.694535, 37.141259 ], [ 127.695484, 37.140422 ], [ 127.692143, 37.137919 ], [ 127.690451, 37.137361 ], [ 127.688593, 37.135541 ], [ 127.686798, 37.135056 ], [ 127.683158, 37.136142 ], [ 127.680642, 37.135654 ], [ 127.677399, 37.136758 ], [ 127.670212, 37.136108 ], [ 127.666004, 37.139455 ], [ 127.662454, 37.139188 ], [ 127.659943, 37.139915 ], [ 127.657333, 37.142335 ], [ 127.655618, 37.142388 ], [ 127.656374, 37.144881 ], [ 127.652368, 37.148046 ], [ 127.650109, 37.147597 ], [ 127.648089, 37.150605 ], [ 127.64366, 37.151694 ], [ 127.641533, 37.151188 ], [ 127.638674, 37.153107 ], [ 127.633297, 37.152981 ], [ 127.629871, 37.154136 ], [ 127.628315, 37.155286 ], [ 127.627455, 37.151724 ], [ 127.63493, 37.143683 ], [ 127.637768, 37.14119 ], [ 127.636409, 37.134863 ], [ 127.636471, 37.132871 ], [ 127.635162, 37.129743 ], [ 127.633976, 37.123739 ], [ 127.633892, 37.12046 ], [ 127.633102, 37.120158 ], [ 127.635056, 37.115669 ], [ 127.636273, 37.114464 ], [ 127.635987, 37.112537 ], [ 127.634131, 37.107276 ], [ 127.63517, 37.103667 ], [ 127.634027, 37.098717 ], [ 127.631814, 37.096476 ], [ 127.621981, 37.092041 ], [ 127.619413, 37.090198 ], [ 127.619423, 37.091495 ], [ 127.616092, 37.0899 ], [ 127.611943, 37.087254 ], [ 127.607269, 37.086458 ], [ 127.604212, 37.086744 ], [ 127.601195, 37.087733 ], [ 127.5998, 37.086325 ], [ 127.596295, 37.088262 ], [ 127.596461, 37.086432 ], [ 127.599549, 37.085831 ], [ 127.600235, 37.084431 ], [ 127.599555, 37.082307 ], [ 127.600183, 37.080592 ], [ 127.602028, 37.079276 ], [ 127.60507, 37.075738 ], [ 127.604324, 37.073868 ], [ 127.604107, 37.070544 ], [ 127.605184, 37.068871 ], [ 127.602944, 37.068549 ], [ 127.602094, 37.070545 ], [ 127.598769, 37.07103 ], [ 127.597695, 37.073081 ], [ 127.595227, 37.073859 ], [ 127.591936, 37.072894 ], [ 127.58927, 37.072817 ], [ 127.587225, 37.074503 ], [ 127.583049, 37.075469 ], [ 127.577977, 37.075341 ], [ 127.575984, 37.073594 ], [ 127.573311, 37.069534 ], [ 127.570398, 37.067881 ], [ 127.570263, 37.066359 ], [ 127.567206, 37.063535 ], [ 127.566193, 37.063342 ], [ 127.564723, 37.05924 ], [ 127.568262, 37.055907 ], [ 127.567152, 37.05175 ], [ 127.569124, 37.047793 ], [ 127.567087, 37.047524 ], [ 127.562447, 37.044798 ], [ 127.561968, 37.043908 ], [ 127.556913, 37.041265 ], [ 127.554613, 37.041861 ], [ 127.555624, 37.043289 ], [ 127.553209, 37.045012 ], [ 127.55142, 37.044858 ], [ 127.54646, 37.047665 ], [ 127.543087, 37.049069 ], [ 127.540963, 37.050736 ], [ 127.534676, 37.051999 ], [ 127.533102, 37.053592 ], [ 127.532799, 37.055197 ], [ 127.530408, 37.055794 ], [ 127.528178, 37.055155 ], [ 127.522357, 37.055631 ], [ 127.519712, 37.056805 ], [ 127.518261, 37.058397 ], [ 127.512514, 37.05635 ], [ 127.510017, 37.052882 ], [ 127.510176, 37.051467 ], [ 127.508893, 37.049418 ], [ 127.504544, 37.048004 ], [ 127.503491, 37.048522 ], [ 127.499078, 37.047576 ], [ 127.495801, 37.048509 ], [ 127.49333, 37.050538 ], [ 127.490371, 37.051956 ], [ 127.486992, 37.054438 ], [ 127.485804, 37.054912 ], [ 127.483423, 37.053615 ], [ 127.475111, 37.05291 ], [ 127.471901, 37.053796 ], [ 127.468212, 37.053487 ], [ 127.467464, 37.052489 ], [ 127.468384, 37.05035 ], [ 127.463424, 37.048171 ], [ 127.460332, 37.046156 ], [ 127.456857, 37.042213 ], [ 127.457194, 37.040221 ], [ 127.459489, 37.038779 ], [ 127.459639, 37.035643 ], [ 127.456353, 37.031141 ], [ 127.457976, 37.029982 ], [ 127.459744, 37.025064 ], [ 127.458368, 37.020474 ], [ 127.453709, 37.021249 ], [ 127.448333, 37.016538 ], [ 127.448874, 37.014987 ], [ 127.447089, 37.010885 ], [ 127.444564, 37.012002 ], [ 127.440609, 37.011909 ], [ 127.436934, 37.007831 ], [ 127.436189, 37.005365 ], [ 127.433039, 37.004584 ], [ 127.43142, 37.002418 ], [ 127.429571, 37.001244 ], [ 127.428824, 37.002193 ], [ 127.42035, 37.003764 ], [ 127.418552, 37.001635 ], [ 127.413912, 36.999471 ], [ 127.411343, 37.000182 ], [ 127.40684, 36.998324 ], [ 127.40254, 36.998915 ], [ 127.399793, 36.999861 ], [ 127.397303, 36.998428 ], [ 127.394213, 36.998375 ], [ 127.392542, 36.996687 ], [ 127.392199, 36.993435 ], [ 127.389303, 36.989498 ], [ 127.388371, 36.98723 ], [ 127.385031, 36.984186 ], [ 127.386095, 36.981407 ], [ 127.389379, 36.980081 ], [ 127.390628, 36.978293 ], [ 127.394316, 36.976983 ], [ 127.396674, 36.974606 ], [ 127.396341, 36.973282 ], [ 127.398349, 36.970635 ], [ 127.401534, 36.967678 ], [ 127.398027, 36.96486 ], [ 127.393034, 36.965634 ], [ 127.391011, 36.965334 ], [ 127.390061, 36.963995 ], [ 127.387268, 36.964463 ], [ 127.384818, 36.959624 ], [ 127.382629, 36.959811 ], [ 127.378723, 36.957895 ], [ 127.378738, 36.954092 ], [ 127.378212, 36.952085 ], [ 127.375787, 36.949894 ], [ 127.375658, 36.94866 ], [ 127.373066, 36.948956 ], [ 127.372015, 36.949906 ], [ 127.368623, 36.949547 ], [ 127.367302, 36.950299 ], [ 127.364534, 36.948946 ], [ 127.361763, 36.949496 ], [ 127.357612, 36.947688 ], [ 127.355709, 36.951397 ], [ 127.353997, 36.952673 ], [ 127.349631, 36.952794 ], [ 127.347871, 36.951015 ], [ 127.343256, 36.948262 ], [ 127.342394, 36.946318 ], [ 127.343159, 36.944315 ], [ 127.34193, 36.943129 ], [ 127.338829, 36.942507 ], [ 127.333196, 36.940352 ], [ 127.330321, 36.937575 ], [ 127.326812, 36.935936 ], [ 127.322875, 36.936523 ], [ 127.318151, 36.934247 ], [ 127.316211, 36.934721 ], [ 127.314805, 36.931247 ], [ 127.313301, 36.931242 ], [ 127.308994, 36.929388 ], [ 127.303845, 36.930059 ], [ 127.300195, 36.929401 ], [ 127.294969, 36.930667 ], [ 127.296548, 36.926779 ], [ 127.298378, 36.924044 ], [ 127.29844, 36.922728 ], [ 127.300909, 36.919776 ], [ 127.300648, 36.918902 ], [ 127.303365, 36.91639 ], [ 127.301331, 36.912827 ], [ 127.301957, 36.912168 ], [ 127.298536, 36.90695 ], [ 127.29729, 36.906728 ], [ 127.297609, 36.904952 ], [ 127.296433, 36.902684 ], [ 127.294511, 36.901743 ], [ 127.293753, 36.900312 ], [ 127.290536, 36.897968 ], [ 127.289618, 36.895645 ], [ 127.290298, 36.894328 ], [ 127.287829, 36.893779 ] ], [ [ 127.396121, 36.491721 ], [ 127.403014, 36.485484 ], [ 127.404162, 36.480988 ], [ 127.40416, 36.476568 ], [ 127.402036, 36.472302 ], [ 127.401049, 36.467347 ], [ 127.401393, 36.462667 ], [ 127.399203, 36.462682 ], [ 127.399964, 36.460467 ], [ 127.399727, 36.457538 ], [ 127.402085, 36.45604 ], [ 127.403444, 36.455236 ], [ 127.407964, 36.454738 ], [ 127.416292, 36.454808 ], [ 127.424705, 36.456176 ], [ 127.427449, 36.45687 ], [ 127.43677, 36.456401 ], [ 127.442416, 36.451275 ], [ 127.447162, 36.449195 ], [ 127.451331, 36.449253 ], [ 127.454762, 36.450275 ], [ 127.458405, 36.452299 ], [ 127.46258, 36.456162 ], [ 127.463513, 36.460298 ], [ 127.463781, 36.464514 ], [ 127.46668, 36.470073 ], [ 127.470768, 36.474029 ], [ 127.476128, 36.476332 ], [ 127.480611, 36.47721 ], [ 127.484033, 36.476617 ], [ 127.484536, 36.474542 ], [ 127.483286, 36.470007 ], [ 127.481606, 36.466409 ], [ 127.4794, 36.463746 ], [ 127.477685, 36.46052 ], [ 127.477583, 36.458415 ], [ 127.478956, 36.456501 ], [ 127.482107, 36.453885 ], [ 127.486902, 36.452784 ], [ 127.491619, 36.453349 ], [ 127.500591, 36.456203 ], [ 127.502788, 36.455509 ], [ 127.504472, 36.45183 ], [ 127.503476, 36.449357 ], [ 127.497142, 36.444718 ], [ 127.493497, 36.441195 ], [ 127.492429, 36.439371 ], [ 127.489721, 36.434125 ], [ 127.489922, 36.432428 ], [ 127.493347, 36.425799 ], [ 127.49523, 36.42357 ], [ 127.496945, 36.419487 ], [ 127.497418, 36.415358 ], [ 127.499434, 36.413 ], [ 127.501555, 36.408654 ], [ 127.50448, 36.408206 ], [ 127.509497, 36.40862 ], [ 127.511017, 36.410306 ], [ 127.514513, 36.422474 ], [ 127.516143, 36.422488 ], [ 127.51993, 36.419818 ], [ 127.52095, 36.42158 ], [ 127.523224, 36.423102 ], [ 127.524804, 36.42313 ], [ 127.525922, 36.421103 ], [ 127.528209, 36.421055 ], [ 127.530124, 36.419126 ], [ 127.534793, 36.41933 ], [ 127.539618, 36.420614 ], [ 127.54228, 36.419279 ], [ 127.541839, 36.415688 ], [ 127.54289, 36.412078 ], [ 127.545574, 36.408819 ], [ 127.550101, 36.407118 ], [ 127.5517, 36.405486 ], [ 127.553199, 36.401217 ], [ 127.557111, 36.399545 ], [ 127.55878, 36.399856 ], [ 127.559679, 36.398219 ], [ 127.557431, 36.397307 ], [ 127.55508, 36.395187 ], [ 127.553687, 36.394961 ], [ 127.551354, 36.39502 ], [ 127.550026, 36.39687 ], [ 127.543612, 36.396101 ], [ 127.543114, 36.39701 ], [ 127.539159, 36.397192 ], [ 127.537429, 36.394948 ], [ 127.533171, 36.393256 ], [ 127.533424, 36.391748 ], [ 127.530147, 36.391193 ], [ 127.5268, 36.387659 ], [ 127.524935, 36.387507 ], [ 127.525566, 36.385221 ], [ 127.524805, 36.383802 ], [ 127.525764, 36.377544 ], [ 127.52488, 36.376462 ], [ 127.526578, 36.370068 ], [ 127.524425, 36.365604 ], [ 127.524463, 36.361486 ], [ 127.522002, 36.357882 ], [ 127.523093, 36.356346 ], [ 127.520442, 36.351429 ], [ 127.517113, 36.349064 ], [ 127.513309, 36.347608 ], [ 127.511966, 36.346116 ], [ 127.509155, 36.346783 ], [ 127.507438, 36.346295 ], [ 127.508071, 36.343241 ], [ 127.504536, 36.342072 ], [ 127.504882, 36.340993 ], [ 127.501342, 36.34007 ], [ 127.500541, 36.337769 ], [ 127.501566, 36.336225 ], [ 127.50092, 36.332925 ], [ 127.50202, 36.327502 ], [ 127.502959, 36.325616 ], [ 127.499973, 36.320768 ], [ 127.495976, 36.319882 ], [ 127.496867, 36.319446 ], [ 127.497685, 36.315676 ], [ 127.495796, 36.31296 ], [ 127.494098, 36.312103 ], [ 127.496174, 36.310633 ], [ 127.498194, 36.307923 ], [ 127.498977, 36.305673 ], [ 127.497832, 36.304666 ], [ 127.497426, 36.301576 ], [ 127.496016, 36.299412 ], [ 127.493583, 36.300962 ], [ 127.491608, 36.299298 ], [ 127.491197, 36.296588 ], [ 127.492683, 36.294997 ], [ 127.495128, 36.29042 ], [ 127.495769, 36.287793 ], [ 127.497614, 36.286538 ], [ 127.498987, 36.283084 ], [ 127.498528, 36.281321 ], [ 127.496781, 36.27923 ], [ 127.492986, 36.276312 ], [ 127.492622, 36.275473 ], [ 127.488753, 36.272711 ], [ 127.490255, 36.26837 ], [ 127.48833, 36.267217 ], [ 127.487473, 36.263366 ], [ 127.486048, 36.261248 ], [ 127.486314, 36.259216 ], [ 127.489984, 36.257335 ], [ 127.489498, 36.255943 ], [ 127.49038, 36.254026 ], [ 127.487608, 36.251439 ], [ 127.488776, 36.248738 ], [ 127.488543, 36.247544 ], [ 127.49027, 36.245001 ], [ 127.491761, 36.245167 ], [ 127.493215, 36.241063 ], [ 127.492577, 36.237954 ] ], [ [ 127.492577, 36.237954 ], [ 127.497546, 36.238334 ], [ 127.501007, 36.23775 ], [ 127.509493, 36.238921 ], [ 127.511954, 36.240692 ], [ 127.513677, 36.240331 ], [ 127.51813, 36.240641 ], [ 127.52118, 36.243843 ], [ 127.523517, 36.245341 ], [ 127.523847, 36.24649 ], [ 127.526226, 36.247085 ], [ 127.526949, 36.248336 ], [ 127.530445, 36.248706 ], [ 127.532573, 36.250889 ], [ 127.536811, 36.250857 ], [ 127.535089, 36.247324 ], [ 127.537918, 36.242778 ], [ 127.540412, 36.241816 ], [ 127.543423, 36.24155 ], [ 127.547217, 36.2396 ], [ 127.54908, 36.23973 ], [ 127.548377, 36.23493 ], [ 127.546088, 36.229297 ], [ 127.545095, 36.228426 ], [ 127.545331, 36.225514 ], [ 127.546443, 36.22527 ], [ 127.554371, 36.226186 ], [ 127.561579, 36.228967 ], [ 127.56369, 36.227693 ], [ 127.565697, 36.229441 ], [ 127.566989, 36.231969 ], [ 127.57024, 36.233523 ], [ 127.574865, 36.231998 ], [ 127.579549, 36.232796 ], [ 127.580218, 36.23185 ], [ 127.583582, 36.231296 ], [ 127.586307, 36.227578 ], [ 127.587117, 36.224862 ], [ 127.59051, 36.225294 ], [ 127.59111, 36.221656 ], [ 127.592764, 36.219821 ], [ 127.594644, 36.219482 ], [ 127.59802, 36.217089 ], [ 127.598087, 36.214829 ], [ 127.59631, 36.211883 ], [ 127.598792, 36.210224 ], [ 127.598432, 36.208506 ], [ 127.599507, 36.206404 ], [ 127.59928, 36.202643 ], [ 127.597336, 36.200268 ], [ 127.595335, 36.198962 ], [ 127.592465, 36.19514 ], [ 127.593612, 36.194387 ], [ 127.592976, 36.192231 ], [ 127.597019, 36.186869 ], [ 127.597707, 36.184877 ], [ 127.594244, 36.182183 ], [ 127.594914, 36.179624 ], [ 127.593061, 36.177378 ], [ 127.594496, 36.17553 ], [ 127.598627, 36.173799 ], [ 127.601478, 36.169046 ], [ 127.601204, 36.161176 ], [ 127.601665, 36.160024 ], [ 127.598498, 36.154899 ], [ 127.596461, 36.153917 ], [ 127.593514, 36.150191 ], [ 127.591861, 36.145608 ], [ 127.590423, 36.143127 ], [ 127.591117, 36.139488 ], [ 127.590858, 36.137096 ], [ 127.589437, 36.134455 ], [ 127.591309, 36.132478 ], [ 127.593747, 36.12878 ], [ 127.595123, 36.128287 ], [ 127.596339, 36.125454 ], [ 127.598634, 36.125368 ], [ 127.599201, 36.122942 ], [ 127.603205, 36.120614 ], [ 127.605529, 36.118203 ], [ 127.605986, 36.116789 ], [ 127.610086, 36.118607 ], [ 127.610762, 36.115627 ], [ 127.611558, 36.115221 ], [ 127.613076, 36.111807 ], [ 127.616321, 36.111554 ], [ 127.619096, 36.108885 ], [ 127.618987, 36.10711 ], [ 127.616923, 36.104876 ], [ 127.617284, 36.100097 ], [ 127.618265, 36.09871 ], [ 127.617333, 36.097037 ], [ 127.617275, 36.093578 ], [ 127.619242, 36.090699 ], [ 127.623336, 36.090691 ], [ 127.624397, 36.088285 ], [ 127.627769, 36.086563 ], [ 127.629792, 36.08383 ], [ 127.632147, 36.082365 ], [ 127.633053, 36.080888 ], [ 127.632191, 36.079643 ], [ 127.634663, 36.076734 ], [ 127.634199, 36.073615 ], [ 127.637391, 36.070349 ], [ 127.638203, 36.068229 ] ], [ [ 127.577481, 35.308901 ], [ 127.579549, 35.30959 ], [ 127.585667, 35.309144 ], [ 127.592964, 35.311827 ], [ 127.601797, 35.317167 ], [ 127.604781, 35.318375 ], [ 127.60654, 35.32066 ], [ 127.607685, 35.325044 ], [ 127.612732, 35.327987 ], [ 127.615136, 35.330729 ], [ 127.620738, 35.332563 ], [ 127.620917, 35.334904 ], [ 127.622602, 35.33771 ], [ 127.623331, 35.342166 ], [ 127.620596, 35.347254 ], [ 127.615836, 35.349971 ], [ 127.614392, 35.353879 ], [ 127.612237, 35.35585 ], [ 127.611244, 35.359287 ], [ 127.611669, 35.361448 ], [ 127.610197, 35.365918 ], [ 127.612661, 35.368931 ], [ 127.615637, 35.369615 ], [ 127.621289, 35.372224 ], [ 127.625654, 35.376911 ], [ 127.624879, 35.382385 ], [ 127.625287, 35.384702 ], [ 127.62733, 35.388096 ], [ 127.631797, 35.392292 ], [ 127.632808, 35.395093 ], [ 127.6367, 35.399401 ], [ 127.636916, 35.401039 ], [ 127.643438, 35.401596 ], [ 127.646447, 35.402664 ], [ 127.648477, 35.405743 ], [ 127.650639, 35.406735 ], [ 127.652464, 35.409809 ], [ 127.656837, 35.413921 ], [ 127.660474, 35.414434 ], [ 127.661411, 35.418042 ], [ 127.663224, 35.421133 ], [ 127.663552, 35.426214 ], [ 127.665774, 35.427426 ], [ 127.666183, 35.433512 ], [ 127.665177, 35.435649 ], [ 127.667466, 35.438142 ], [ 127.670682, 35.439621 ], [ 127.671635, 35.442323 ], [ 127.672959, 35.443314 ], [ 127.674069, 35.44572 ], [ 127.672768, 35.447793 ], [ 127.667779, 35.449079 ], [ 127.664286, 35.447949 ], [ 127.661157, 35.447544 ], [ 127.657847, 35.448661 ], [ 127.653389, 35.451584 ], [ 127.64983, 35.451624 ], [ 127.647528, 35.450919 ], [ 127.645186, 35.449127 ], [ 127.642537, 35.452959 ], [ 127.639731, 35.455666 ], [ 127.636688, 35.459352 ], [ 127.635702, 35.462909 ], [ 127.636871, 35.467066 ], [ 127.635734, 35.468813 ], [ 127.637888, 35.47024 ], [ 127.637801, 35.474266 ], [ 127.636566, 35.477772 ], [ 127.637394, 35.479269 ], [ 127.640998, 35.48021 ], [ 127.6448, 35.481946 ], [ 127.648027, 35.484334 ], [ 127.653107, 35.486869 ], [ 127.650744, 35.489019 ], [ 127.649997, 35.491328 ], [ 127.650934, 35.492654 ], [ 127.650322, 35.494697 ], [ 127.650388, 35.4979 ], [ 127.645843, 35.498219 ], [ 127.644313, 35.499018 ], [ 127.643723, 35.501334 ], [ 127.641819, 35.505075 ], [ 127.639427, 35.507548 ], [ 127.637554, 35.508076 ], [ 127.636298, 35.511735 ], [ 127.634279, 35.512044 ], [ 127.63306, 35.515269 ], [ 127.634575, 35.516886 ], [ 127.634234, 35.520459 ], [ 127.63108, 35.520464 ], [ 127.629024, 35.522338 ], [ 127.628411, 35.523994 ], [ 127.625781, 35.525177 ], [ 127.62533, 35.531403 ], [ 127.628807, 35.533719 ], [ 127.628694, 35.535985 ], [ 127.624728, 35.533688 ], [ 127.620703, 35.533838 ], [ 127.619152, 35.536601 ], [ 127.616981, 35.536497 ], [ 127.615566, 35.535481 ], [ 127.612074, 35.53593 ], [ 127.609195, 35.539036 ], [ 127.609578, 35.540262 ], [ 127.606531, 35.542856 ], [ 127.603623, 35.544469 ], [ 127.600458, 35.545048 ], [ 127.598628, 35.547588 ], [ 127.59471, 35.547697 ], [ 127.593601, 35.548769 ], [ 127.593408, 35.551286 ], [ 127.59071, 35.554044 ], [ 127.588912, 35.553574 ], [ 127.584861, 35.553906 ], [ 127.587289, 35.55704 ], [ 127.588772, 35.564767 ], [ 127.592336, 35.566861 ], [ 127.594721, 35.570339 ], [ 127.596075, 35.573687 ], [ 127.598165, 35.574436 ], [ 127.599217, 35.575832 ], [ 127.603471, 35.577871 ], [ 127.604846, 35.577589 ], [ 127.606789, 35.580092 ], [ 127.606326, 35.581585 ], [ 127.611194, 35.583893 ], [ 127.609715, 35.586204 ], [ 127.60975, 35.589269 ], [ 127.608083, 35.59106 ], [ 127.607456, 35.594913 ], [ 127.608874, 35.597732 ], [ 127.612914, 35.598843 ], [ 127.612031, 35.602591 ], [ 127.613056, 35.605145 ], [ 127.612388, 35.606845 ], [ 127.614326, 35.609324 ], [ 127.617482, 35.609806 ], [ 127.618725, 35.612195 ], [ 127.621397, 35.615118 ], [ 127.625604, 35.614909 ], [ 127.629122, 35.61825 ], [ 127.63399, 35.617537 ], [ 127.635335, 35.618484 ], [ 127.632131, 35.623059 ], [ 127.629272, 35.624813 ], [ 127.62858, 35.626396 ], [ 127.625674, 35.629135 ], [ 127.624257, 35.631786 ], [ 127.625153, 35.635736 ], [ 127.623309, 35.639596 ], [ 127.621216, 35.640221 ], [ 127.619771, 35.643455 ], [ 127.620389, 35.646989 ], [ 127.622163, 35.648327 ], [ 127.622158, 35.651017 ], [ 127.629481, 35.65664 ], [ 127.627915, 35.662215 ], [ 127.628945, 35.664024 ], [ 127.631663, 35.6649 ], [ 127.632358, 35.666451 ], [ 127.635139, 35.667041 ], [ 127.639081, 35.669923 ], [ 127.640462, 35.672814 ], [ 127.63925, 35.676029 ], [ 127.63905, 35.678986 ], [ 127.640637, 35.684417 ], [ 127.639515, 35.686299 ], [ 127.6408, 35.68681 ], [ 127.642366, 35.689897 ], [ 127.641795, 35.692893 ], [ 127.643574, 35.695029 ], [ 127.645294, 35.695945 ], [ 127.645002, 35.698596 ], [ 127.64975, 35.701406 ], [ 127.649438, 35.703796 ], [ 127.653914, 35.704833 ], [ 127.655446, 35.70638 ], [ 127.6575, 35.705795 ], [ 127.660987, 35.709856 ], [ 127.660647, 35.714899 ], [ 127.659873, 35.715826 ], [ 127.660881, 35.717961 ], [ 127.662313, 35.723794 ], [ 127.663451, 35.725047 ], [ 127.662409, 35.72742 ], [ 127.662496, 35.732066 ], [ 127.660389, 35.737459 ], [ 127.663135, 35.741582 ], [ 127.662679, 35.744678 ], [ 127.663157, 35.746055 ], [ 127.661834, 35.749181 ], [ 127.66365, 35.755945 ], [ 127.662288, 35.76083 ], [ 127.664234, 35.765598 ], [ 127.665509, 35.766941 ], [ 127.665821, 35.768834 ], [ 127.669513, 35.771374 ], [ 127.675767, 35.770875 ], [ 127.679436, 35.768499 ], [ 127.681233, 35.772142 ], [ 127.684342, 35.774968 ], [ 127.684811, 35.777679 ], [ 127.687793, 35.779301 ], [ 127.690857, 35.781724 ], [ 127.693741, 35.783169 ], [ 127.694855, 35.78461 ], [ 127.699735, 35.788231 ], [ 127.700277, 35.789126 ], [ 127.706531, 35.79202 ], [ 127.709419, 35.791386 ], [ 127.714533, 35.794734 ], [ 127.719386, 35.797316 ], [ 127.720827, 35.802326 ], [ 127.723359, 35.804065 ], [ 127.724206, 35.805892 ], [ 127.723467, 35.8107 ], [ 127.725263, 35.813184 ], [ 127.729653, 35.813004 ], [ 127.731174, 35.814859 ], [ 127.732463, 35.820914 ], [ 127.735572, 35.825339 ], [ 127.737984, 35.826379 ], [ 127.739471, 35.829711 ], [ 127.738341, 35.831583 ], [ 127.737783, 35.834387 ], [ 127.744453, 35.844423 ], [ 127.745787, 35.843432 ], [ 127.752533, 35.841399 ], [ 127.754071, 35.838966 ], [ 127.755997, 35.838581 ], [ 127.756661, 35.837288 ], [ 127.759477, 35.836907 ], [ 127.764318, 35.838835 ], [ 127.76885, 35.838313 ], [ 127.772765, 35.839579 ], [ 127.775622, 35.842826 ], [ 127.777226, 35.843245 ], [ 127.779209, 35.845732 ], [ 127.77917, 35.847238 ], [ 127.783754, 35.850835 ], [ 127.787572, 35.852633 ], [ 127.792047, 35.852408 ], [ 127.794834, 35.853963 ], [ 127.800302, 35.855709 ], [ 127.804356, 35.858689 ], [ 127.80931, 35.855102 ], [ 127.811924, 35.853858 ], [ 127.814354, 35.853889 ], [ 127.814536, 35.856793 ], [ 127.817295, 35.859145 ], [ 127.819444, 35.859637 ], [ 127.819409, 35.862529 ], [ 127.823197, 35.866455 ], [ 127.826562, 35.868347 ], [ 127.829551, 35.869092 ], [ 127.832732, 35.868918 ], [ 127.834952, 35.866899 ], [ 127.837357, 35.867174 ], [ 127.841751, 35.866247 ], [ 127.844517, 35.869331 ], [ 127.844333, 35.875128 ], [ 127.846777, 35.877903 ], [ 127.849791, 35.87697 ], [ 127.851062, 35.877642 ], [ 127.853675, 35.881343 ], [ 127.850533, 35.890281 ], [ 127.852675, 35.891117 ], [ 127.857082, 35.894989 ], [ 127.858275, 35.897017 ], [ 127.858854, 35.899844 ], [ 127.858144, 35.901886 ], [ 127.858421, 35.904337 ], [ 127.85954, 35.906491 ], [ 127.864092, 35.906616 ], [ 127.867505, 35.90398 ], [ 127.870709, 35.904346 ], [ 127.877328, 35.907656 ], [ 127.879511, 35.90985 ], [ 127.885059, 35.909606 ] ], [ [ 127.759392, 34.966776 ], [ 127.763496, 34.976087 ], [ 127.767401, 34.979048 ], [ 127.769529, 34.979654 ], [ 127.774046, 34.983103 ], [ 127.77684, 34.98682 ], [ 127.779058, 34.988115 ], [ 127.780571, 34.9904 ], [ 127.780477, 34.994006 ], [ 127.781572, 34.997605 ], [ 127.784962, 35.004247 ], [ 127.786823, 35.010214 ], [ 127.786265, 35.01761 ], [ 127.784841, 35.020935 ], [ 127.78168, 35.023342 ], [ 127.778788, 35.024727 ], [ 127.77517, 35.030043 ], [ 127.771625, 35.033723 ], [ 127.770806, 35.037333 ], [ 127.770744, 35.040938 ], [ 127.769658, 35.046453 ], [ 127.76807, 35.0504 ], [ 127.765322, 35.053628 ], [ 127.763446, 35.054832 ], [ 127.757164, 35.055014 ], [ 127.751542, 35.056724 ], [ 127.743261, 35.060956 ], [ 127.739944, 35.063362 ], [ 127.73927, 35.065232 ], [ 127.73867, 35.069981 ], [ 127.736355, 35.0736 ], [ 127.734217, 35.075335 ], [ 127.725961, 35.079333 ], [ 127.717689, 35.082615 ], [ 127.713576, 35.085925 ], [ 127.712454, 35.088168 ], [ 127.706624, 35.095409 ], [ 127.70272, 35.098659 ], [ 127.697263, 35.101778 ], [ 127.694854, 35.106293 ], [ 127.694795, 35.117109 ], [ 127.695233, 35.120712 ], [ 127.693848, 35.127931 ], [ 127.692026, 35.131086 ], [ 127.688684, 35.135171 ], [ 127.684166, 35.138801 ], [ 127.678402, 35.144245 ], [ 127.675703, 35.147345 ], [ 127.668274, 35.152051 ], [ 127.66479, 35.154805 ], [ 127.660234, 35.15696 ], [ 127.659336, 35.158965 ], [ 127.657008, 35.159671 ], [ 127.653853, 35.1596 ], [ 127.648372, 35.160392 ], [ 127.641395, 35.167878 ], [ 127.639996, 35.170736 ], [ 127.637496, 35.173126 ], [ 127.63203, 35.176201 ], [ 127.629027, 35.180229 ], [ 127.627458, 35.181595 ], [ 127.624625, 35.182574 ], [ 127.622624, 35.184945 ], [ 127.621031, 35.187934 ], [ 127.618144, 35.190898 ], [ 127.621489, 35.191788 ], [ 127.619995, 35.194815 ], [ 127.620019, 35.197874 ], [ 127.618026, 35.199742 ], [ 127.617921, 35.202694 ], [ 127.616955, 35.206466 ], [ 127.617066, 35.209582 ], [ 127.620728, 35.212657 ], [ 127.620883, 35.214835 ], [ 127.620281, 35.221168 ], [ 127.621045, 35.224927 ], [ 127.618606, 35.23095 ], [ 127.619287, 35.235603 ], [ 127.61669, 35.238933 ], [ 127.613722, 35.240455 ], [ 127.61282, 35.241617 ], [ 127.613641, 35.244077 ], [ 127.612434, 35.247969 ], [ 127.61525, 35.25039 ], [ 127.612658, 35.253468 ], [ 127.611246, 35.257387 ], [ 127.610158, 35.262046 ], [ 127.605731, 35.263494 ], [ 127.604231, 35.265002 ], [ 127.602653, 35.265169 ], [ 127.601618, 35.266562 ], [ 127.599562, 35.266767 ], [ 127.595697, 35.268133 ], [ 127.595568, 35.272014 ], [ 127.591711, 35.274567 ], [ 127.591072, 35.277208 ], [ 127.585747, 35.288143 ], [ 127.584072, 35.291105 ], [ 127.577368, 35.295157 ], [ 127.576859, 35.301205 ], [ 127.576071, 35.30608 ], [ 127.577481, 35.308901 ] ], [ [ 127.638203, 36.068229 ], [ 127.6435, 36.06739 ], [ 127.645933, 36.065583 ], [ 127.648091, 36.063127 ], [ 127.64905, 36.057993 ], [ 127.65444, 36.056618 ], [ 127.655258, 36.054001 ], [ 127.654715, 36.052578 ], [ 127.658002, 36.047609 ], [ 127.658465, 36.044411 ], [ 127.659948, 36.042201 ], [ 127.659422, 36.039635 ], [ 127.660898, 36.038194 ], [ 127.662251, 36.038613 ], [ 127.664413, 36.037511 ], [ 127.669059, 36.038655 ], [ 127.672736, 36.04163 ], [ 127.670532, 36.045024 ], [ 127.671815, 36.048484 ], [ 127.669168, 36.051154 ], [ 127.675963, 36.055913 ], [ 127.677169, 36.055504 ], [ 127.679199, 36.057582 ], [ 127.68084, 36.058238 ], [ 127.685547, 36.062191 ], [ 127.689015, 36.062672 ], [ 127.690736, 36.058035 ], [ 127.693143, 36.057923 ], [ 127.694608, 36.058985 ], [ 127.695787, 36.053715 ], [ 127.695196, 36.052723 ], [ 127.696039, 36.050381 ], [ 127.695115, 36.049702 ], [ 127.695019, 36.045908 ], [ 127.696153, 36.043817 ], [ 127.696461, 36.041103 ], [ 127.699578, 36.038886 ], [ 127.700215, 36.036591 ], [ 127.703617, 36.034414 ], [ 127.712475, 36.035886 ], [ 127.718023, 36.033921 ], [ 127.719183, 36.031864 ], [ 127.722394, 36.031983 ], [ 127.723552, 36.031306 ], [ 127.72504, 36.032416 ], [ 127.727978, 36.030907 ], [ 127.730826, 36.032311 ], [ 127.734835, 36.032319 ], [ 127.736802, 36.030473 ], [ 127.739449, 36.025735 ], [ 127.74253, 36.025305 ], [ 127.743586, 36.02847 ], [ 127.747305, 36.029701 ], [ 127.749694, 36.028051 ], [ 127.751621, 36.025681 ], [ 127.755205, 36.024196 ], [ 127.75976, 36.025603 ], [ 127.761605, 36.025179 ], [ 127.762645, 36.021574 ], [ 127.759289, 36.015924 ], [ 127.761556, 36.013325 ], [ 127.766183, 36.012207 ], [ 127.769819, 36.012868 ], [ 127.775274, 36.015379 ], [ 127.780004, 36.016342 ], [ 127.78362, 36.01642 ], [ 127.787619, 36.014504 ], [ 127.790814, 36.018798 ], [ 127.796817, 36.022885 ], [ 127.797266, 36.025009 ], [ 127.801076, 36.026592 ], [ 127.8055, 36.025957 ], [ 127.808423, 36.02742 ], [ 127.809235, 36.026937 ], [ 127.813573, 36.028151 ], [ 127.81461, 36.029014 ], [ 127.816275, 36.028094 ], [ 127.818504, 36.02813 ], [ 127.819793, 36.029797 ], [ 127.82603, 36.032799 ], [ 127.82957, 36.034009 ], [ 127.830396, 36.035229 ], [ 127.834004, 36.035928 ], [ 127.841959, 36.036882 ], [ 127.843202, 36.038006 ], [ 127.848574, 36.039729 ], [ 127.852808, 36.039106 ], [ 127.855664, 36.032928 ], [ 127.860595, 36.031458 ], [ 127.863624, 36.02785 ], [ 127.864324, 36.025705 ], [ 127.867739, 36.02377 ], [ 127.871441, 36.023834 ], [ 127.876774, 36.022512 ] ], [ [ 128.652096, 37.06544 ], [ 128.650599, 37.065828 ], [ 128.645933, 37.069097 ], [ 128.644669, 37.069052 ], [ 128.642671, 37.070762 ], [ 128.6391, 37.070662 ], [ 128.637397, 37.072257 ], [ 128.634362, 37.070701 ], [ 128.633525, 37.07232 ], [ 128.628213, 37.075156 ], [ 128.627304, 37.077465 ], [ 128.628278, 37.081333 ], [ 128.624556, 37.084428 ], [ 128.622642, 37.087402 ], [ 128.620652, 37.08583 ], [ 128.617656, 37.085142 ], [ 128.61754, 37.084234 ], [ 128.614016, 37.08124 ], [ 128.60992, 37.079913 ], [ 128.607969, 37.077507 ], [ 128.6061, 37.076706 ], [ 128.604486, 37.079374 ], [ 128.601642, 37.078449 ], [ 128.600694, 37.079547 ], [ 128.601623, 37.083057 ], [ 128.596895, 37.082417 ], [ 128.593984, 37.080856 ], [ 128.593104, 37.078389 ], [ 128.590832, 37.078367 ], [ 128.588685, 37.079975 ], [ 128.583203, 37.080749 ], [ 128.581734, 37.081674 ], [ 128.574406, 37.081317 ], [ 128.57223, 37.08383 ], [ 128.570368, 37.084475 ], [ 128.570483, 37.086505 ], [ 128.56741, 37.088237 ], [ 128.564835, 37.088658 ], [ 128.561702, 37.090236 ], [ 128.556677, 37.087227 ], [ 128.549747, 37.086189 ], [ 128.541557, 37.089029 ], [ 128.536834, 37.090136 ], [ 128.535574, 37.091866 ], [ 128.534136, 37.098112 ], [ 128.531166, 37.100014 ], [ 128.52771, 37.101528 ], [ 128.524943, 37.101465 ], [ 128.521836, 37.103091 ], [ 128.518432, 37.101887 ], [ 128.515517, 37.103251 ], [ 128.514466, 37.101352 ], [ 128.513912, 37.105112 ], [ 128.511191, 37.110868 ], [ 128.510758, 37.113954 ], [ 128.506672, 37.115442 ], [ 128.503195, 37.118769 ], [ 128.502985, 37.119665 ], [ 128.498326, 37.123738 ], [ 128.496554, 37.125791 ], [ 128.490997, 37.123818 ], [ 128.489446, 37.121012 ], [ 128.486849, 37.120066 ], [ 128.485556, 37.117767 ], [ 128.481761, 37.114183 ], [ 128.481874, 37.1127 ], [ 128.477806, 37.110155 ], [ 128.472301, 37.109844 ], [ 128.468167, 37.110205 ], [ 128.465804, 37.109868 ], [ 128.462254, 37.110454 ], [ 128.458046, 37.110276 ], [ 128.455311, 37.111845 ], [ 128.450997, 37.112312 ], [ 128.449054, 37.111088 ], [ 128.444764, 37.106291 ], [ 128.442916, 37.109015 ], [ 128.439817, 37.109957 ], [ 128.43614, 37.111992 ], [ 128.435141, 37.111477 ], [ 128.435551, 37.109508 ], [ 128.430581, 37.106754 ], [ 128.430123, 37.103671 ], [ 128.4247, 37.102464 ], [ 128.423063, 37.103249 ], [ 128.422155, 37.107786 ], [ 128.422162, 37.110158 ], [ 128.423561, 37.112244 ], [ 128.421046, 37.113703 ], [ 128.419895, 37.116299 ], [ 128.42002, 37.118003 ], [ 128.418473, 37.119814 ], [ 128.416149, 37.120816 ], [ 128.415361, 37.120243 ], [ 128.411044, 37.122134 ], [ 128.407285, 37.126378 ], [ 128.401295, 37.127882 ], [ 128.396002, 37.128594 ], [ 128.398093, 37.131653 ], [ 128.400789, 37.133331 ], [ 128.401793, 37.134808 ], [ 128.401822, 37.138516 ], [ 128.403663, 37.139618 ], [ 128.402414, 37.141552 ], [ 128.400874, 37.146876 ], [ 128.396375, 37.148569 ], [ 128.395366, 37.15054 ], [ 128.393178, 37.151734 ], [ 128.3928, 37.154803 ], [ 128.388759, 37.154616 ], [ 128.384352, 37.158122 ], [ 128.38332, 37.156603 ], [ 128.378646, 37.154517 ], [ 128.378163, 37.151736 ], [ 128.376717, 37.151704 ], [ 128.374916, 37.153296 ], [ 128.369311, 37.155121 ], [ 128.367888, 37.154431 ], [ 128.365353, 37.157638 ], [ 128.362169, 37.152696 ], [ 128.359715, 37.150221 ], [ 128.358283, 37.152276 ], [ 128.356023, 37.15329 ], [ 128.353985, 37.155675 ], [ 128.350802, 37.157572 ], [ 128.350151, 37.156931 ], [ 128.342589, 37.155942 ], [ 128.340486, 37.158093 ], [ 128.335499, 37.157247 ], [ 128.333473, 37.152476 ], [ 128.330673, 37.150343 ], [ 128.327844, 37.153012 ], [ 128.325987, 37.149106 ], [ 128.324444, 37.147957 ], [ 128.322019, 37.149222 ], [ 128.319785, 37.147264 ], [ 128.31672, 37.147559 ], [ 128.312114, 37.145001 ], [ 128.311112, 37.145784 ], [ 128.309515, 37.144925 ], [ 128.309481, 37.143146 ], [ 128.305883, 37.139533 ], [ 128.306361, 37.137526 ], [ 128.300993, 37.135949 ], [ 128.298337, 37.13419 ], [ 128.296112, 37.134222 ], [ 128.295708, 37.136027 ], [ 128.292674, 37.139299 ], [ 128.288893, 37.141235 ], [ 128.284969, 37.14237 ], [ 128.284686, 37.143154 ], [ 128.279932, 37.142463 ], [ 128.277588, 37.144156 ], [ 128.276723, 37.146136 ], [ 128.273286, 37.147629 ], [ 128.272257, 37.148949 ], [ 128.271897, 37.15215 ], [ 128.270586, 37.154229 ], [ 128.266201, 37.156027 ], [ 128.264442, 37.160415 ], [ 128.266322, 37.161271 ], [ 128.270385, 37.161771 ], [ 128.270048, 37.164877 ], [ 128.270717, 37.166358 ], [ 128.273204, 37.168349 ], [ 128.273666, 37.169641 ], [ 128.275922, 37.17106 ], [ 128.276299, 37.172682 ], [ 128.278415, 37.172133 ], [ 128.281114, 37.173402 ], [ 128.282433, 37.171788 ], [ 128.287815, 37.171297 ], [ 128.289676, 37.170148 ], [ 128.295874, 37.171551 ], [ 128.298073, 37.171659 ], [ 128.2973, 37.176147 ], [ 128.296061, 37.178464 ], [ 128.295624, 37.183288 ], [ 128.299923, 37.183582 ], [ 128.302643, 37.186624 ], [ 128.305986, 37.187066 ], [ 128.307656, 37.186003 ], [ 128.308656, 37.187473 ], [ 128.310488, 37.187337 ], [ 128.3111, 37.189838 ], [ 128.314198, 37.189997 ], [ 128.312994, 37.191143 ], [ 128.313707, 37.193329 ], [ 128.312855, 37.195053 ], [ 128.313392, 37.196776 ], [ 128.318803, 37.19644 ], [ 128.321758, 37.195548 ], [ 128.321503, 37.197577 ], [ 128.322435, 37.198347 ], [ 128.326387, 37.197291 ], [ 128.329641, 37.202258 ], [ 128.328703, 37.204612 ], [ 128.329885, 37.207796 ], [ 128.329851, 37.209646 ], [ 128.331112, 37.212702 ], [ 128.333397, 37.215787 ], [ 128.32606, 37.217237 ], [ 128.323829, 37.219234 ], [ 128.320057, 37.21986 ], [ 128.318684, 37.221649 ], [ 128.316318, 37.222446 ], [ 128.316586, 37.223391 ], [ 128.314041, 37.222691 ], [ 128.307945, 37.217111 ], [ 128.30138, 37.216895 ], [ 128.298861, 37.216092 ], [ 128.293647, 37.215945 ], [ 128.291276, 37.214602 ], [ 128.288181, 37.215073 ], [ 128.284651, 37.211673 ], [ 128.283947, 37.210181 ], [ 128.280436, 37.209426 ], [ 128.278544, 37.210096 ], [ 128.272856, 37.209857 ], [ 128.268394, 37.207923 ], [ 128.266513, 37.210595 ], [ 128.261688, 37.214121 ], [ 128.259794, 37.21641 ], [ 128.257976, 37.221238 ], [ 128.253954, 37.225069 ], [ 128.250933, 37.229582 ], [ 128.248125, 37.228947 ], [ 128.244305, 37.226542 ], [ 128.24099, 37.227425 ], [ 128.240396, 37.228439 ], [ 128.237424, 37.229318 ], [ 128.23446, 37.227344 ], [ 128.231749, 37.227011 ], [ 128.228499, 37.228026 ], [ 128.228623, 37.230178 ], [ 128.226228, 37.232835 ], [ 128.22435, 37.232937 ], [ 128.22185, 37.238109 ], [ 128.220124, 37.240189 ], [ 128.214785, 37.24184 ], [ 128.214646, 37.246075 ], [ 128.212016, 37.245356 ], [ 128.210242, 37.245793 ], [ 128.207799, 37.248823 ], [ 128.201175, 37.24897 ], [ 128.200201, 37.247243 ], [ 128.196584, 37.245738 ], [ 128.19317, 37.245242 ], [ 128.184192, 37.238281 ], [ 128.177878, 37.235331 ], [ 128.177103, 37.233924 ], [ 128.174099, 37.232605 ], [ 128.17362, 37.231013 ], [ 128.176044, 37.228346 ], [ 128.172532, 37.224938 ], [ 128.173069, 37.219065 ], [ 128.172133, 37.218025 ], [ 128.169668, 37.21781 ], [ 128.168282, 37.215956 ], [ 128.164041, 37.213309 ], [ 128.161464, 37.215405 ], [ 128.15802, 37.216311 ], [ 128.154668, 37.215666 ], [ 128.152544, 37.217447 ], [ 128.150861, 37.220738 ], [ 128.148806, 37.220679 ], [ 128.146887, 37.222324 ], [ 128.145613, 37.221844 ], [ 128.142323, 37.224336 ], [ 128.14204, 37.228598 ], [ 128.138444, 37.229972 ], [ 128.133485, 37.229731 ], [ 128.130447, 37.232295 ], [ 128.129572, 37.23375 ], [ 128.125322, 37.234537 ], [ 128.123297, 37.230959 ], [ 128.121508, 37.229331 ], [ 128.120801, 37.227295 ], [ 128.122362, 37.225204 ], [ 128.11844, 37.22284 ], [ 128.115512, 37.220273 ], [ 128.114731, 37.218144 ], [ 128.115211, 37.21664 ], [ 128.114171, 37.213053 ], [ 128.111146, 37.210149 ], [ 128.111504, 37.207672 ], [ 128.108805, 37.205727 ], [ 128.105019, 37.203762 ], [ 128.100001, 37.201695 ], [ 128.092569, 37.199285 ], [ 128.088266, 37.199412 ], [ 128.085651, 37.197027 ], [ 128.079459, 37.19474 ], [ 128.077543, 37.1937 ], [ 128.073916, 37.193106 ], [ 128.072015, 37.194485 ], [ 128.065774, 37.193893 ], [ 128.063565, 37.192824 ], [ 128.060475, 37.194093 ], [ 128.058812, 37.193757 ], [ 128.05473, 37.191525 ], [ 128.051824, 37.19091 ], [ 128.049809, 37.189579 ], [ 128.047033, 37.18964 ], [ 128.044277, 37.190863 ], [ 128.041074, 37.188991 ], [ 128.037203, 37.189281 ], [ 128.033907, 37.191409 ], [ 128.032218, 37.193879 ], [ 128.032236, 37.198036 ], [ 128.031617, 37.199337 ], [ 128.028298, 37.202323 ], [ 128.029537, 37.203669 ], [ 128.031136, 37.207814 ], [ 128.032232, 37.208147 ], [ 128.033082, 37.210808 ], [ 128.036879, 37.212756 ], [ 128.038884, 37.214706 ], [ 128.038755, 37.216037 ], [ 128.036078, 37.218609 ], [ 128.033436, 37.219518 ], [ 128.03216, 37.221082 ], [ 128.032127, 37.2238 ], [ 128.026714, 37.22509 ], [ 128.025832, 37.22597 ], [ 128.023015, 37.225634 ], [ 128.021101, 37.230302 ], [ 128.019923, 37.236566 ], [ 128.020093, 37.24044 ], [ 128.019216, 37.244378 ], [ 128.016592, 37.246897 ], [ 128.012586, 37.247689 ], [ 128.010837, 37.250028 ], [ 128.007965, 37.252122 ], [ 128.005657, 37.252313 ], [ 127.999727, 37.254459 ], [ 127.995369, 37.254306 ], [ 127.994234, 37.253574 ], [ 127.992775, 37.254828 ], [ 127.990312, 37.255511 ], [ 127.988366, 37.257102 ], [ 127.985456, 37.258138 ], [ 127.981408, 37.256877 ], [ 127.979898, 37.258334 ], [ 127.973988, 37.256308 ], [ 127.969738, 37.2557 ], [ 127.964548, 37.25101 ], [ 127.957651, 37.249805 ], [ 127.952684, 37.247924 ], [ 127.947382, 37.244183 ], [ 127.946943, 37.241844 ], [ 127.945191, 37.240562 ], [ 127.938881, 37.240743 ], [ 127.931205, 37.234158 ], [ 127.926618, 37.231597 ], [ 127.921583, 37.225045 ], [ 127.922461, 37.222147 ], [ 127.927097, 37.220154 ], [ 127.927292, 37.217448 ], [ 127.929565, 37.211685 ], [ 127.932473, 37.20699 ], [ 127.930921, 37.201131 ], [ 127.932161, 37.195226 ], [ 127.934489, 37.190378 ], [ 127.936259, 37.188767 ], [ 127.935867, 37.186838 ], [ 127.934004, 37.185274 ], [ 127.932597, 37.182373 ], [ 127.93331, 37.179307 ], [ 127.932844, 37.177877 ], [ 127.933626, 37.175803 ], [ 127.93171, 37.174781 ], [ 127.930657, 37.172009 ], [ 127.927301, 37.169782 ], [ 127.926327, 37.165527 ], [ 127.923842, 37.163632 ], [ 127.9208, 37.165868 ], [ 127.915045, 37.168882 ], [ 127.911405, 37.167529 ], [ 127.908633, 37.167124 ], [ 127.907153, 37.165229 ], [ 127.906179, 37.16173 ], [ 127.903464, 37.160049 ], [ 127.903868, 37.156958 ], [ 127.90164, 37.151802 ], [ 127.898894, 37.149805 ], [ 127.895426, 37.156093 ], [ 127.890567, 37.159209 ], [ 127.88838, 37.159645 ], [ 127.88657, 37.161074 ], [ 127.880157, 37.16225 ], [ 127.87905, 37.161794 ], [ 127.87506, 37.16376 ], [ 127.87205, 37.164344 ], [ 127.869319, 37.1637 ], [ 127.867198, 37.162294 ], [ 127.863628, 37.162131 ], [ 127.861965, 37.161046 ], [ 127.861395, 37.159368 ], [ 127.861854, 37.156525 ], [ 127.861299, 37.155348 ], [ 127.859227, 37.156342 ], [ 127.855883, 37.156477 ], [ 127.855286, 37.159951 ], [ 127.852226, 37.159917 ], [ 127.85122, 37.158354 ], [ 127.850527, 37.155082 ], [ 127.849604, 37.153801 ], [ 127.847391, 37.152936 ], [ 127.844632, 37.152838 ], [ 127.837377, 37.151633 ], [ 127.830902, 37.152585 ], [ 127.82537, 37.152263 ], [ 127.817392, 37.147217 ], [ 127.811596, 37.146512 ], [ 127.806939, 37.147064 ], [ 127.801647, 37.144263 ], [ 127.797667, 37.145497 ], [ 127.793357, 37.145742 ], [ 127.789524, 37.143408 ], [ 127.787319, 37.145228 ], [ 127.779181, 37.149663 ], [ 127.77795, 37.150751 ], [ 127.768689, 37.15665 ], [ 127.764661, 37.160016 ], [ 127.759869, 37.166465 ], [ 127.755528, 37.171441 ], [ 127.755147, 37.173494 ], [ 127.752861, 37.178861 ], [ 127.751894, 37.182258 ], [ 127.751041, 37.182465 ], [ 127.749395, 37.189556 ], [ 127.750132, 37.190383 ], [ 127.748911, 37.196762 ], [ 127.747852, 37.20033 ], [ 127.746508, 37.20033 ], [ 127.744258, 37.207547 ], [ 127.744135, 37.211231 ], [ 127.744751, 37.213646 ] ], [ [ 127.876774, 36.022512 ], [ 127.880589, 36.025251 ], [ 127.883459, 36.028062 ], [ 127.883443, 36.032339 ], [ 127.884907, 36.033435 ], [ 127.884837, 36.035889 ], [ 127.887518, 36.034692 ], [ 127.891562, 36.036035 ], [ 127.893838, 36.037646 ], [ 127.897174, 36.037345 ], [ 127.903025, 36.039365 ], [ 127.903512, 36.043423 ], [ 127.905302, 36.045958 ], [ 127.910429, 36.050655 ], [ 127.913097, 36.051296 ], [ 127.91634, 36.054465 ], [ 127.919587, 36.053695 ], [ 127.920582, 36.054097 ], [ 127.925201, 36.052845 ], [ 127.930178, 36.049439 ], [ 127.933461, 36.050812 ], [ 127.936295, 36.051079 ], [ 127.943843, 36.056247 ], [ 127.947189, 36.057179 ], [ 127.947677, 36.058625 ], [ 127.94989, 36.059724 ], [ 127.952222, 36.063743 ], [ 127.951971, 36.064709 ], [ 127.954598, 36.067266 ], [ 127.957752, 36.069226 ], [ 127.960874, 36.070339 ], [ 127.960966, 36.073985 ], [ 127.961835, 36.077171 ], [ 127.960936, 36.079644 ], [ 127.961694, 36.082979 ], [ 127.960835, 36.085616 ], [ 127.959348, 36.086004 ], [ 127.958581, 36.090898 ], [ 127.959608, 36.092401 ], [ 127.959713, 36.094512 ], [ 127.96463, 36.095553 ], [ 127.964887, 36.098623 ], [ 127.966651, 36.100263 ], [ 127.968978, 36.104348 ], [ 127.967955, 36.107282 ], [ 127.965764, 36.109786 ], [ 127.965201, 36.112829 ], [ 127.966703, 36.115385 ], [ 127.966796, 36.118061 ], [ 127.97016, 36.121883 ], [ 127.972975, 36.121867 ], [ 127.977105, 36.123099 ], [ 127.978601, 36.125209 ], [ 127.980902, 36.125347 ], [ 127.98407, 36.127697 ], [ 127.986862, 36.128049 ], [ 127.98846, 36.13036 ], [ 127.987734, 36.131333 ], [ 127.988853, 36.132656 ], [ 127.98739, 36.137752 ], [ 127.987287, 36.140874 ], [ 127.989171, 36.143967 ], [ 127.987981, 36.144985 ], [ 127.987482, 36.147384 ], [ 127.990842, 36.150136 ], [ 127.990771, 36.151424 ], [ 127.993379, 36.151864 ], [ 127.997197, 36.155467 ], [ 127.994824, 36.157473 ], [ 127.99048, 36.158876 ], [ 127.989604, 36.163341 ], [ 127.990181, 36.165667 ], [ 127.986558, 36.167098 ], [ 127.986532, 36.167814 ], [ 127.982952, 36.16988 ], [ 127.982362, 36.172173 ], [ 127.984182, 36.176925 ], [ 127.984134, 36.17817 ], [ 127.981338, 36.179126 ], [ 127.980181, 36.182644 ], [ 127.975332, 36.187711 ], [ 127.976167, 36.188416 ], [ 127.976263, 36.192053 ], [ 127.978757, 36.193231 ], [ 127.981198, 36.195876 ], [ 127.979907, 36.195934 ], [ 127.978016, 36.198111 ], [ 127.980433, 36.198604 ], [ 127.984473, 36.20118 ], [ 127.987534, 36.20083 ], [ 127.98921, 36.199566 ], [ 127.993039, 36.200033 ], [ 127.993272, 36.201855 ], [ 127.994753, 36.204208 ], [ 127.998775, 36.207466 ], [ 128.000047, 36.206929 ], [ 128.00302, 36.20773 ], [ 128.006368, 36.207321 ], [ 128.009748, 36.209362 ], [ 128.011979, 36.208674 ], [ 128.013509, 36.209127 ], [ 128.021169, 36.207679 ], [ 128.026682, 36.205191 ], [ 128.028025, 36.202554 ], [ 128.03079, 36.20209 ], [ 128.031757, 36.200322 ], [ 128.033276, 36.200181 ], [ 128.036252, 36.197748 ], [ 128.036597, 36.196231 ], [ 128.038634, 36.194158 ], [ 128.040782, 36.194631 ], [ 128.042372, 36.196532 ], [ 128.044473, 36.195946 ], [ 128.047538, 36.198304 ], [ 128.052904, 36.200821 ], [ 128.057379, 36.200809 ], [ 128.057846, 36.202093 ], [ 128.056266, 36.202084 ], [ 128.050791, 36.205996 ], [ 128.049353, 36.210732 ], [ 128.050315, 36.214686 ], [ 128.050091, 36.216463 ], [ 128.047579, 36.21614 ], [ 128.042225, 36.217549 ], [ 128.038999, 36.222182 ], [ 128.040465, 36.22468 ], [ 128.03948, 36.22557 ], [ 128.039339, 36.228677 ], [ 128.036821, 36.229719 ], [ 128.036672, 36.231202 ], [ 128.033125, 36.233715 ], [ 128.031607, 36.236453 ], [ 128.030715, 36.239718 ], [ 128.029902, 36.240013 ], [ 128.035655, 36.243467 ], [ 128.035493, 36.246128 ], [ 128.037678, 36.247665 ], [ 128.040262, 36.252025 ], [ 128.045727, 36.252119 ], [ 128.047352, 36.256551 ], [ 128.043597, 36.258396 ], [ 128.040785, 36.258595 ], [ 128.033738, 36.261529 ], [ 128.031327, 36.261997 ], [ 128.030223, 36.264301 ], [ 128.026916, 36.265354 ], [ 128.026225, 36.267896 ], [ 128.019034, 36.267294 ], [ 128.015604, 36.268303 ], [ 128.015166, 36.269433 ], [ 128.011342, 36.271954 ], [ 128.008286, 36.271707 ], [ 128.000478, 36.266438 ], [ 127.998404, 36.268407 ], [ 127.994067, 36.267264 ], [ 127.990528, 36.263378 ], [ 127.987771, 36.263846 ], [ 127.983935, 36.262843 ], [ 127.981191, 36.263648 ], [ 127.976719, 36.259287 ], [ 127.978637, 36.256075 ], [ 127.978324, 36.254588 ], [ 127.971987, 36.252126 ], [ 127.970562, 36.250401 ], [ 127.968115, 36.250329 ], [ 127.964816, 36.253184 ], [ 127.962479, 36.252065 ], [ 127.960167, 36.252371 ], [ 127.954615, 36.257208 ], [ 127.949251, 36.256647 ], [ 127.948342, 36.257484 ], [ 127.948482, 36.263134 ], [ 127.947363, 36.267229 ], [ 127.942803, 36.26673 ], [ 127.937931, 36.26906 ], [ 127.936935, 36.271111 ], [ 127.934681, 36.272254 ], [ 127.933777, 36.275917 ], [ 127.930907, 36.278013 ], [ 127.926479, 36.278681 ], [ 127.925528, 36.27952 ], [ 127.923534, 36.278708 ], [ 127.918432, 36.280222 ], [ 127.915502, 36.28187 ], [ 127.91153, 36.283195 ], [ 127.90712, 36.286493 ], [ 127.905571, 36.291222 ], [ 127.90637, 36.29269 ], [ 127.905437, 36.297003 ], [ 127.905635, 36.298597 ], [ 127.904276, 36.301453 ], [ 127.901569, 36.300045 ], [ 127.897115, 36.296342 ], [ 127.893568, 36.292649 ], [ 127.892101, 36.291928 ], [ 127.888714, 36.28736 ], [ 127.886829, 36.283712 ], [ 127.885845, 36.2802 ], [ 127.883599, 36.276417 ], [ 127.882636, 36.27375 ], [ 127.876426, 36.275794 ], [ 127.870451, 36.276575 ], [ 127.867388, 36.276601 ], [ 127.864837, 36.275633 ], [ 127.860942, 36.277029 ], [ 127.855391, 36.275289 ], [ 127.852315, 36.273833 ], [ 127.850991, 36.274462 ], [ 127.850772, 36.278443 ], [ 127.849516, 36.281186 ], [ 127.850267, 36.283499 ], [ 127.849421, 36.285652 ], [ 127.849181, 36.288798 ], [ 127.846788, 36.291372 ], [ 127.84565, 36.293689 ], [ 127.845809, 36.296796 ], [ 127.846862, 36.300763 ], [ 127.845082, 36.303198 ], [ 127.845164, 36.304381 ], [ 127.84157, 36.308209 ], [ 127.841478, 36.310002 ], [ 127.84282, 36.312068 ], [ 127.844646, 36.313352 ], [ 127.844239, 36.315046 ], [ 127.845192, 36.316438 ], [ 127.845915, 36.318234 ], [ 127.848853, 36.318963 ], [ 127.850392, 36.320254 ], [ 127.851511, 36.32401 ], [ 127.851225, 36.326727 ], [ 127.852017, 36.327337 ], [ 127.852033, 36.330405 ], [ 127.852822, 36.331956 ], [ 127.854494, 36.330644 ], [ 127.860354, 36.333685 ], [ 127.861886, 36.333084 ], [ 127.861532, 36.335519 ], [ 127.862428, 36.336271 ], [ 127.865764, 36.335578 ], [ 127.865959, 36.337026 ], [ 127.867806, 36.337292 ], [ 127.869779, 36.339548 ], [ 127.870682, 36.342267 ], [ 127.870149, 36.343487 ], [ 127.87363, 36.345108 ], [ 127.877063, 36.345683 ], [ 127.879327, 36.344952 ], [ 127.882607, 36.345915 ], [ 127.883715, 36.349054 ], [ 127.885117, 36.349109 ], [ 127.885052, 36.352457 ], [ 127.88564, 36.354704 ], [ 127.890836, 36.356571 ], [ 127.891267, 36.359679 ], [ 127.890232, 36.361229 ], [ 127.886532, 36.363609 ], [ 127.885406, 36.366027 ], [ 127.885223, 36.368893 ], [ 127.883671, 36.370638 ], [ 127.879899, 36.371455 ], [ 127.883096, 36.37417 ], [ 127.883132, 36.377359 ], [ 127.884167, 36.380013 ], [ 127.882197, 36.382052 ], [ 127.879201, 36.383356 ], [ 127.878563, 36.386427 ], [ 127.875722, 36.390593 ], [ 127.871529, 36.39074 ], [ 127.869128, 36.391542 ], [ 127.864642, 36.391467 ], [ 127.863007, 36.393563 ], [ 127.865681, 36.394183 ], [ 127.865267, 36.398089 ], [ 127.863914, 36.399778 ], [ 127.863866, 36.403043 ], [ 127.869515, 36.403644 ], [ 127.873668, 36.406572 ], [ 127.873224, 36.409555 ], [ 127.875386, 36.411309 ], [ 127.87569, 36.414352 ], [ 127.879073, 36.416614 ], [ 127.880971, 36.420041 ], [ 127.882595, 36.421547 ], [ 127.882724, 36.424352 ], [ 127.878514, 36.424368 ], [ 127.873679, 36.423849 ], [ 127.873803, 36.426152 ], [ 127.875348, 36.427173 ], [ 127.875126, 36.432806 ], [ 127.873354, 36.436357 ], [ 127.874238, 36.438305 ], [ 127.871393, 36.441572 ], [ 127.873487, 36.443027 ], [ 127.873417, 36.445387 ], [ 127.874771, 36.448818 ], [ 127.877382, 36.449393 ], [ 127.879683, 36.454069 ], [ 127.878791, 36.455133 ], [ 127.878978, 36.457743 ], [ 127.880266, 36.458785 ], [ 127.881961, 36.461839 ], [ 127.878367, 36.467076 ], [ 127.880816, 36.468518 ], [ 127.880315, 36.473995 ], [ 127.882382, 36.475872 ], [ 127.880619, 36.480627 ], [ 127.875278, 36.483165 ], [ 127.876095, 36.488368 ], [ 127.880364, 36.489966 ], [ 127.87975, 36.491293 ], [ 127.880466, 36.493271 ], [ 127.885244, 36.493636 ], [ 127.888715, 36.493137 ], [ 127.890238, 36.494859 ], [ 127.89285, 36.496006 ], [ 127.894861, 36.498355 ], [ 127.897607, 36.49848 ], [ 127.900818, 36.500016 ], [ 127.901323, 36.501896 ], [ 127.904625, 36.504017 ], [ 127.906109, 36.506141 ], [ 127.906141, 36.50802 ], [ 127.904216, 36.509609 ], [ 127.90239, 36.513069 ], [ 127.903392, 36.517273 ], [ 127.901072, 36.519456 ], [ 127.902165, 36.520707 ], [ 127.901035, 36.523441 ], [ 127.901448, 36.526397 ], [ 127.902604, 36.527453 ], [ 127.898959, 36.530279 ], [ 127.896354, 36.531196 ], [ 127.892971, 36.530516 ], [ 127.888724, 36.533688 ], [ 127.887681, 36.533495 ], [ 127.883342, 36.534897 ], [ 127.879011, 36.534707 ], [ 127.876092, 36.537015 ], [ 127.875123, 36.540011 ], [ 127.873883, 36.541316 ], [ 127.870476, 36.542825 ], [ 127.870979, 36.545536 ], [ 127.872989, 36.551328 ], [ 127.870322, 36.559154 ], [ 127.866468, 36.560421 ], [ 127.864563, 36.564014 ], [ 127.860224, 36.565921 ], [ 127.860423, 36.567951 ], [ 127.857436, 36.569552 ], [ 127.852363, 36.571153 ], [ 127.848887, 36.570911 ], [ 127.844827, 36.569109 ], [ 127.843258, 36.568981 ], [ 127.842619, 36.570535 ], [ 127.837073, 36.570101 ], [ 127.834206, 36.573124 ], [ 127.83016, 36.574275 ], [ 127.827703, 36.570785 ], [ 127.827364, 36.571522 ], [ 127.824471, 36.570907 ], [ 127.821551, 36.573097 ], [ 127.816806, 36.575905 ], [ 127.816203, 36.578081 ], [ 127.815351, 36.577682 ], [ 127.812973, 36.579512 ], [ 127.808088, 36.580152 ], [ 127.804897, 36.581387 ], [ 127.804144, 36.583472 ], [ 127.801605, 36.584485 ], [ 127.800478, 36.586147 ], [ 127.798476, 36.586442 ], [ 127.799426, 36.589535 ], [ 127.796588, 36.592661 ], [ 127.796152, 36.595265 ], [ 127.797235, 36.59705 ], [ 127.797425, 36.600299 ], [ 127.798499, 36.602084 ], [ 127.801982, 36.601855 ], [ 127.806485, 36.603653 ], [ 127.808349, 36.605796 ], [ 127.812995, 36.607681 ], [ 127.81857, 36.608302 ], [ 127.821303, 36.61143 ], [ 127.820998, 36.613307 ], [ 127.827525, 36.610767 ], [ 127.829936, 36.612623 ], [ 127.832287, 36.612758 ], [ 127.833377, 36.611685 ], [ 127.837446, 36.610089 ], [ 127.840697, 36.608295 ], [ 127.84542, 36.610911 ], [ 127.847261, 36.611116 ], [ 127.849114, 36.612825 ], [ 127.851612, 36.613248 ], [ 127.855192, 36.611877 ], [ 127.858304, 36.613533 ], [ 127.855728, 36.617578 ], [ 127.851187, 36.618353 ], [ 127.849811, 36.61958 ], [ 127.847843, 36.624936 ], [ 127.850598, 36.629153 ], [ 127.850562, 36.631255 ], [ 127.846753, 36.633989 ], [ 127.851373, 36.634769 ], [ 127.856577, 36.634465 ], [ 127.861974, 36.636102 ], [ 127.863074, 36.637679 ], [ 127.863529, 36.640696 ], [ 127.865409, 36.641286 ], [ 127.867451, 36.644159 ], [ 127.870132, 36.645524 ], [ 127.870047, 36.648596 ], [ 127.872331, 36.650247 ], [ 127.873435, 36.652195 ], [ 127.873936, 36.655046 ], [ 127.876321, 36.65639 ], [ 127.880016, 36.656754 ], [ 127.882206, 36.648822 ], [ 127.882354, 36.646503 ], [ 127.884901, 36.644244 ], [ 127.884926, 36.642785 ], [ 127.887669, 36.641409 ], [ 127.889318, 36.639547 ], [ 127.889215, 36.636758 ], [ 127.887898, 36.634639 ], [ 127.888563, 36.631605 ], [ 127.890169, 36.62887 ], [ 127.893796, 36.628373 ], [ 127.898182, 36.626617 ], [ 127.903042, 36.627518 ], [ 127.905286, 36.626086 ], [ 127.908592, 36.625927 ], [ 127.909208, 36.624711 ], [ 127.908634, 36.622175 ], [ 127.910442, 36.619117 ], [ 127.911381, 36.615319 ], [ 127.913918, 36.612225 ], [ 127.918803, 36.608681 ], [ 127.918722, 36.603432 ], [ 127.919962, 36.601118 ], [ 127.923947, 36.602016 ], [ 127.926199, 36.602973 ], [ 127.924864, 36.604059 ], [ 127.924891, 36.60784 ], [ 127.924239, 36.609834 ], [ 127.924089, 36.61545 ], [ 127.925096, 36.616436 ], [ 127.928573, 36.617062 ], [ 127.932377, 36.618743 ], [ 127.932882, 36.620408 ], [ 127.931401, 36.624108 ], [ 127.932847, 36.628745 ], [ 127.935957, 36.633002 ], [ 127.933807, 36.636082 ], [ 127.934312, 36.641086 ], [ 127.935727, 36.644182 ], [ 127.938999, 36.64599 ], [ 127.938705, 36.648768 ], [ 127.939082, 36.652748 ], [ 127.934073, 36.653324 ], [ 127.931637, 36.6554 ], [ 127.931596, 36.659634 ], [ 127.932274, 36.661405 ], [ 127.932211, 36.664524 ], [ 127.929835, 36.666604 ], [ 127.929572, 36.668765 ], [ 127.927768, 36.668954 ], [ 127.923191, 36.668125 ], [ 127.92028, 36.668574 ], [ 127.917709, 36.667854 ], [ 127.912969, 36.677671 ], [ 127.910031, 36.677934 ], [ 127.908568, 36.679483 ], [ 127.901709, 36.680531 ], [ 127.900367, 36.682205 ], [ 127.894738, 36.681139 ], [ 127.89167, 36.68244 ], [ 127.887622, 36.678631 ], [ 127.88194, 36.680018 ], [ 127.88001, 36.678709 ], [ 127.877263, 36.679733 ], [ 127.877072, 36.680777 ], [ 127.874293, 36.681961 ], [ 127.875745, 36.683073 ], [ 127.87759, 36.682348 ], [ 127.88207, 36.68357 ], [ 127.8816, 36.68774 ], [ 127.885832, 36.688248 ], [ 127.886465, 36.690112 ], [ 127.888575, 36.691858 ], [ 127.89418, 36.692157 ], [ 127.893818, 36.694545 ], [ 127.895018, 36.694859 ], [ 127.897846, 36.693251 ], [ 127.904367, 36.693494 ], [ 127.906819, 36.692653 ], [ 127.910181, 36.693221 ], [ 127.912717, 36.692648 ], [ 127.915354, 36.693969 ], [ 127.918717, 36.692238 ], [ 127.922608, 36.692125 ], [ 127.925972, 36.690537 ], [ 127.928919, 36.690839 ], [ 127.931587, 36.694421 ], [ 127.931658, 36.69756 ], [ 127.930862, 36.701357 ], [ 127.933569, 36.706487 ], [ 127.934588, 36.705712 ], [ 127.937826, 36.706866 ], [ 127.9429, 36.706886 ], [ 127.94648, 36.706212 ], [ 127.949528, 36.70805 ], [ 127.94963, 36.712637 ], [ 127.948862, 36.714014 ], [ 127.949647, 36.715989 ], [ 127.948737, 36.717546 ], [ 127.949184, 36.719876 ], [ 127.95145, 36.720615 ], [ 127.953606, 36.722677 ], [ 127.955343, 36.729491 ], [ 127.955157, 36.731999 ], [ 127.956649, 36.733493 ], [ 127.956973, 36.73559 ], [ 127.958455, 36.736845 ], [ 127.960555, 36.737189 ], [ 127.963158, 36.733386 ], [ 127.968239, 36.731286 ], [ 127.970722, 36.730905 ], [ 127.973146, 36.726196 ], [ 127.976514, 36.724253 ], [ 127.97619, 36.723633 ], [ 127.980253, 36.72008 ], [ 127.98245, 36.719552 ], [ 127.986848, 36.717549 ], [ 127.993465, 36.717526 ], [ 127.99744, 36.718321 ], [ 127.999336, 36.717397 ], [ 128.001939, 36.717257 ], [ 128.004168, 36.721199 ], [ 128.006096, 36.723021 ], [ 128.006505, 36.725448 ], [ 128.008681, 36.726568 ], [ 128.009362, 36.728374 ], [ 128.011271, 36.729609 ], [ 128.014842, 36.730191 ], [ 128.019546, 36.725021 ], [ 128.019387, 36.723702 ], [ 128.02578, 36.719063 ], [ 128.028806, 36.719461 ], [ 128.03191, 36.718779 ], [ 128.033087, 36.717228 ], [ 128.036765, 36.714926 ], [ 128.043189, 36.71242 ], [ 128.046456, 36.709402 ], [ 128.049695, 36.707755 ], [ 128.052167, 36.707761 ], [ 128.058699, 36.708952 ], [ 128.063821, 36.708028 ], [ 128.066895, 36.708298 ], [ 128.070384, 36.707705 ], [ 128.072724, 36.711886 ], [ 128.071486, 36.715612 ], [ 128.067793, 36.721268 ], [ 128.067988, 36.722234 ], [ 128.060642, 36.726885 ], [ 128.057251, 36.73108 ], [ 128.055565, 36.730419 ], [ 128.052784, 36.733401 ], [ 128.05072, 36.736709 ], [ 128.046272, 36.739147 ], [ 128.042354, 36.740679 ], [ 128.038395, 36.743654 ], [ 128.034382, 36.745562 ], [ 128.032325, 36.747576 ], [ 128.032728, 36.75265 ], [ 128.032367, 36.75517 ], [ 128.034517, 36.758112 ], [ 128.037357, 36.761035 ], [ 128.041088, 36.76726 ], [ 128.044805, 36.771051 ], [ 128.04468, 36.774596 ], [ 128.046908, 36.778607 ], [ 128.045565, 36.782441 ], [ 128.048312, 36.783219 ], [ 128.050061, 36.7856 ], [ 128.051197, 36.788843 ], [ 128.053243, 36.791684 ], [ 128.054978, 36.792663 ], [ 128.056127, 36.798419 ], [ 128.055536, 36.799442 ], [ 128.054928, 36.80398 ], [ 128.054076, 36.805607 ], [ 128.05795, 36.807013 ], [ 128.05683, 36.809127 ], [ 128.057686, 36.811753 ], [ 128.059259, 36.813591 ], [ 128.059237, 36.816394 ], [ 128.064197, 36.817438 ], [ 128.06736, 36.816767 ], [ 128.070667, 36.814548 ], [ 128.071796, 36.814554 ], [ 128.07561, 36.811624 ], [ 128.077161, 36.81098 ], [ 128.079104, 36.808527 ], [ 128.082672, 36.806826 ], [ 128.085373, 36.804204 ], [ 128.083863, 36.80223 ], [ 128.083833, 36.799299 ], [ 128.090068, 36.796638 ], [ 128.093496, 36.796777 ], [ 128.09296, 36.802864 ], [ 128.101951, 36.80629 ], [ 128.105848, 36.805948 ], [ 128.107081, 36.807309 ], [ 128.108181, 36.810441 ], [ 128.108274, 36.81351 ], [ 128.109723, 36.815388 ], [ 128.109249, 36.816196 ], [ 128.109823, 36.821318 ], [ 128.112912, 36.821014 ], [ 128.118437, 36.821487 ], [ 128.119021, 36.823041 ], [ 128.122662, 36.823272 ], [ 128.126338, 36.824998 ], [ 128.128933, 36.824805 ], [ 128.133976, 36.828441 ], [ 128.133571, 36.832795 ], [ 128.138692, 36.832784 ], [ 128.141065, 36.833483 ], [ 128.144225, 36.830167 ], [ 128.147449, 36.829362 ], [ 128.149844, 36.827585 ], [ 128.151432, 36.823243 ], [ 128.155339, 36.822004 ], [ 128.158337, 36.822323 ], [ 128.162626, 36.820992 ], [ 128.16535, 36.821107 ], [ 128.171319, 36.822101 ], [ 128.175224, 36.820849 ], [ 128.1848, 36.816633 ], [ 128.188275, 36.816276 ], [ 128.193676, 36.817118 ], [ 128.203665, 36.813353 ], [ 128.207166, 36.812424 ], [ 128.214222, 36.811695 ], [ 128.216212, 36.812464 ], [ 128.217325, 36.818279 ], [ 128.216385, 36.820731 ], [ 128.215836, 36.827874 ], [ 128.214341, 36.830808 ], [ 128.214509, 36.834851 ], [ 128.213008, 36.839134 ], [ 128.21112, 36.841166 ], [ 128.210764, 36.845491 ], [ 128.212544, 36.849729 ], [ 128.216663, 36.849286 ], [ 128.220393, 36.848323 ], [ 128.223778, 36.846709 ], [ 128.230129, 36.845369 ], [ 128.237023, 36.845346 ], [ 128.236842, 36.847599 ], [ 128.238714, 36.850183 ], [ 128.236233, 36.851839 ], [ 128.2346, 36.854202 ], [ 128.23423, 36.855991 ], [ 128.235235, 36.858249 ], [ 128.235351, 36.860948 ], [ 128.234656, 36.862831 ], [ 128.239496, 36.865103 ], [ 128.239671, 36.867746 ], [ 128.241021, 36.87021 ], [ 128.240368, 36.871307 ], [ 128.241826, 36.872326 ], [ 128.246851, 36.869326 ], [ 128.249278, 36.868737 ], [ 128.251963, 36.867017 ], [ 128.265274, 36.863984 ], [ 128.267739, 36.862072 ], [ 128.268313, 36.86054 ], [ 128.274944, 36.858065 ], [ 128.276073, 36.857192 ], [ 128.282434, 36.856399 ], [ 128.285654, 36.84978 ], [ 128.285509, 36.84731 ], [ 128.286556, 36.845034 ], [ 128.288983, 36.843911 ], [ 128.290678, 36.841234 ], [ 128.292944, 36.839467 ], [ 128.295624, 36.835341 ], [ 128.297865, 36.834737 ], [ 128.298831, 36.833516 ], [ 128.301643, 36.832663 ], [ 128.305996, 36.828864 ], [ 128.308928, 36.828999 ], [ 128.310819, 36.828277 ], [ 128.310348, 36.827217 ], [ 128.311848, 36.824903 ], [ 128.313213, 36.824856 ], [ 128.314035, 36.823345 ], [ 128.315749, 36.822756 ], [ 128.316312, 36.821262 ], [ 128.315368, 36.819924 ], [ 128.316121, 36.816864 ], [ 128.318256, 36.816933 ], [ 128.320849, 36.81564 ], [ 128.327249, 36.816797 ], [ 128.328941, 36.816193 ], [ 128.332788, 36.816976 ], [ 128.334895, 36.816879 ], [ 128.337262, 36.815624 ], [ 128.348242, 36.813015 ], [ 128.353181, 36.81245 ], [ 128.354184, 36.811208 ], [ 128.356762, 36.810616 ], [ 128.356868, 36.806775 ], [ 128.359782, 36.804472 ], [ 128.364084, 36.802216 ], [ 128.366186, 36.803003 ], [ 128.368399, 36.802076 ], [ 128.372749, 36.805407 ], [ 128.373311, 36.807669 ], [ 128.37861, 36.811085 ], [ 128.381264, 36.813881 ], [ 128.384795, 36.813807 ], [ 128.387629, 36.814357 ], [ 128.394355, 36.814874 ], [ 128.399635, 36.812869 ], [ 128.406066, 36.811922 ], [ 128.408189, 36.812265 ], [ 128.412972, 36.811275 ], [ 128.415095, 36.812191 ], [ 128.420479, 36.811514 ], [ 128.425255, 36.814779 ], [ 128.426037, 36.818372 ], [ 128.428009, 36.820868 ], [ 128.432047, 36.824066 ], [ 128.433612, 36.827621 ], [ 128.433193, 36.828913 ], [ 128.434323, 36.832899 ], [ 128.434113, 36.834144 ], [ 128.439353, 36.836321 ], [ 128.441505, 36.837603 ], [ 128.442449, 36.840292 ], [ 128.446716, 36.843282 ], [ 128.447161, 36.846164 ], [ 128.448994, 36.848606 ], [ 128.448244, 36.851416 ], [ 128.446659, 36.853372 ], [ 128.447936, 36.85552 ], [ 128.447294, 36.856812 ], [ 128.447803, 36.861472 ], [ 128.449126, 36.862874 ], [ 128.447998, 36.864388 ], [ 128.443338, 36.868449 ], [ 128.442481, 36.868217 ], [ 128.439549, 36.871128 ], [ 128.438428, 36.873271 ], [ 128.431712, 36.875538 ], [ 128.428218, 36.875056 ], [ 128.42397, 36.876528 ], [ 128.424784, 36.879391 ], [ 128.427051, 36.881264 ], [ 128.428158, 36.884768 ], [ 128.426786, 36.889245 ], [ 128.429377, 36.892229 ], [ 128.431884, 36.892866 ], [ 128.433605, 36.895436 ], [ 128.436159, 36.897082 ], [ 128.438572, 36.900631 ], [ 128.440281, 36.90125 ], [ 128.440162, 36.902874 ], [ 128.442377, 36.908223 ], [ 128.443099, 36.912401 ], [ 128.44475, 36.913693 ], [ 128.445174, 36.917414 ], [ 128.442828, 36.919846 ], [ 128.443136, 36.922849 ], [ 128.441594, 36.927349 ], [ 128.445459, 36.928127 ], [ 128.450436, 36.930789 ], [ 128.452668, 36.930718 ], [ 128.455981, 36.934053 ], [ 128.460395, 36.934005 ], [ 128.46019, 36.937721 ], [ 128.463423, 36.943757 ], [ 128.462782, 36.947384 ], [ 128.46717, 36.95145 ], [ 128.477047, 36.95744 ], [ 128.481442, 36.957899 ], [ 128.484896, 36.957471 ], [ 128.486016, 36.96193 ], [ 128.489561, 36.963727 ], [ 128.493852, 36.964423 ], [ 128.502258, 36.967885 ], [ 128.506728, 36.970082 ], [ 128.506418, 36.973193 ], [ 128.509745, 36.974621 ], [ 128.514614, 36.977581 ], [ 128.513868, 36.980398 ], [ 128.515623, 36.983575 ], [ 128.515475, 36.986823 ], [ 128.521321, 36.98815 ], [ 128.526027, 36.990072 ], [ 128.529684, 36.990811 ], [ 128.535534, 36.990225 ], [ 128.537912, 36.991386 ], [ 128.538701, 36.990904 ], [ 128.544207, 36.992572 ], [ 128.545704, 36.994343 ], [ 128.547633, 36.994404 ], [ 128.554731, 36.998286 ], [ 128.555606, 37.000085 ], [ 128.555082, 37.003572 ], [ 128.55594, 37.005703 ], [ 128.557557, 37.005775 ], [ 128.562922, 37.007894 ], [ 128.563464, 37.010129 ], [ 128.567414, 37.01151 ], [ 128.570344, 37.013995 ], [ 128.571405, 37.018129 ], [ 128.572906, 37.0208 ], [ 128.572608, 37.021967 ], [ 128.569127, 37.023732 ], [ 128.566926, 37.025996 ], [ 128.566869, 37.029374 ], [ 128.565645, 37.03153 ], [ 128.569291, 37.034885 ], [ 128.572971, 37.035939 ], [ 128.577734, 37.035567 ], [ 128.578857, 37.038368 ], [ 128.580564, 37.039202 ], [ 128.582135, 37.042643 ], [ 128.583526, 37.043734 ], [ 128.586032, 37.042954 ], [ 128.590743, 37.043104 ], [ 128.592481, 37.041885 ], [ 128.596831, 37.041766 ], [ 128.598057, 37.043106 ], [ 128.601639, 37.044097 ], [ 128.605161, 37.043331 ], [ 128.607126, 37.043846 ], [ 128.606662, 37.04617 ], [ 128.607922, 37.047405 ], [ 128.607096, 37.049748 ], [ 128.608437, 37.052815 ], [ 128.60976, 37.052032 ], [ 128.617743, 37.050662 ], [ 128.621714, 37.049075 ], [ 128.621738, 37.046679 ], [ 128.622832, 37.045337 ], [ 128.624668, 37.04547 ], [ 128.628265, 37.042143 ], [ 128.632925, 37.040502 ], [ 128.634085, 37.045668 ], [ 128.63583, 37.047711 ], [ 128.637872, 37.051442 ], [ 128.636709, 37.052365 ], [ 128.639038, 37.052502 ], [ 128.639349, 37.053996 ], [ 128.641737, 37.055281 ], [ 128.646134, 37.061088 ], [ 128.651874, 37.063493 ], [ 128.652096, 37.06544 ] ], [ [ 127.885059, 35.909606 ], [ 127.887856, 35.912062 ], [ 127.888071, 35.914948 ], [ 127.884377, 35.917408 ], [ 127.882532, 35.919245 ], [ 127.883637, 35.924799 ], [ 127.882276, 35.927304 ], [ 127.883206, 35.930008 ], [ 127.886073, 35.931579 ], [ 127.891835, 35.932356 ], [ 127.895679, 35.93419 ], [ 127.898956, 35.937595 ], [ 127.904205, 35.94005 ], [ 127.908593, 35.941599 ], [ 127.90798, 35.943816 ], [ 127.910117, 35.945922 ], [ 127.911367, 35.949182 ], [ 127.910075, 35.951229 ], [ 127.907188, 35.952556 ], [ 127.906484, 35.953664 ], [ 127.903954, 35.954087 ], [ 127.903465, 35.956308 ], [ 127.901795, 35.958126 ], [ 127.90145, 35.96154 ], [ 127.899817, 35.96297 ], [ 127.900376, 35.966316 ], [ 127.89645, 35.971582 ], [ 127.896921, 35.97406 ], [ 127.896346, 35.977661 ], [ 127.889605, 35.979661 ], [ 127.891701, 35.983307 ], [ 127.894153, 35.984635 ], [ 127.893218, 35.986784 ], [ 127.891315, 35.987816 ], [ 127.886969, 35.991272 ], [ 127.886443, 35.992235 ], [ 127.884017, 35.992537 ], [ 127.881072, 35.994192 ], [ 127.879685, 35.994107 ], [ 127.875487, 35.996978 ], [ 127.876325, 36.000171 ], [ 127.878269, 36.001022 ], [ 127.878642, 36.002496 ], [ 127.877947, 36.00631 ], [ 127.875697, 36.008945 ], [ 127.875786, 36.014052 ], [ 127.875271, 36.015937 ], [ 127.876774, 36.022512 ] ], [ [ 127.885059, 35.909606 ], [ 127.884696, 35.90761 ], [ 127.883129, 35.90586 ], [ 127.882192, 35.903186 ], [ 127.884019, 35.901309 ], [ 127.882733, 35.899039 ], [ 127.884443, 35.897876 ], [ 127.884783, 35.893107 ], [ 127.888243, 35.892349 ], [ 127.890809, 35.890349 ], [ 127.893138, 35.88708 ], [ 127.898057, 35.887821 ], [ 127.901142, 35.88756 ], [ 127.902774, 35.890677 ], [ 127.90523, 35.89045 ], [ 127.906666, 35.889278 ], [ 127.912002, 35.889835 ], [ 127.915854, 35.892127 ], [ 127.920222, 35.893219 ], [ 127.918516, 35.890381 ], [ 127.92202, 35.88557 ], [ 127.922874, 35.882581 ], [ 127.92721, 35.881503 ], [ 127.93022, 35.878629 ], [ 127.928418, 35.87677 ], [ 127.929899, 35.873707 ], [ 127.928793, 35.870347 ], [ 127.93173, 35.868007 ], [ 127.932843, 35.865468 ], [ 127.932977, 35.863273 ], [ 127.931713, 35.861817 ], [ 127.931906, 35.859668 ], [ 127.929253, 35.858005 ], [ 127.927202, 35.85843 ], [ 127.925783, 35.855623 ], [ 127.930347, 35.856374 ], [ 127.935765, 35.854531 ], [ 127.93762, 35.855235 ], [ 127.94224, 35.854542 ], [ 127.944753, 35.855901 ], [ 127.947047, 35.859717 ], [ 127.948643, 35.859903 ], [ 127.950112, 35.861667 ], [ 127.952857, 35.860656 ], [ 127.955349, 35.860799 ], [ 127.960285, 35.859784 ], [ 127.961267, 35.856246 ], [ 127.962548, 35.855371 ], [ 127.966743, 35.854964 ], [ 127.971108, 35.852338 ], [ 127.97398, 35.852068 ], [ 127.976353, 35.853634 ], [ 127.977852, 35.855646 ], [ 127.981749, 35.858735 ], [ 127.984222, 35.857645 ], [ 127.986508, 35.853888 ], [ 127.986499, 35.851987 ], [ 127.989374, 35.848294 ], [ 127.992509, 35.843158 ], [ 127.995918, 35.840037 ], [ 127.996476, 35.837638 ], [ 127.999122, 35.836173 ], [ 128.00404, 35.835124 ], [ 128.006824, 35.833047 ], [ 128.007951, 35.830791 ], [ 128.011781, 35.828934 ], [ 128.017507, 35.83252 ], [ 128.02161, 35.833518 ], [ 128.025291, 35.833225 ], [ 128.026891, 35.834539 ], [ 128.029782, 35.835649 ], [ 128.033996, 35.835287 ], [ 128.038449, 35.834053 ], [ 128.043431, 35.831278 ], [ 128.045303, 35.831314 ], [ 128.047931, 35.830183 ], [ 128.051654, 35.829883 ], [ 128.053296, 35.833357 ], [ 128.054867, 35.834362 ], [ 128.05705, 35.833575 ], [ 128.061593, 35.834681 ], [ 128.062444, 35.836481 ], [ 128.069786, 35.841202 ], [ 128.074206, 35.838958 ], [ 128.07736, 35.839657 ], [ 128.079979, 35.838146 ], [ 128.0844, 35.837004 ], [ 128.08627, 35.833 ], [ 128.09074, 35.830635 ], [ 128.094784, 35.832264 ], [ 128.097008, 35.832017 ], [ 128.098992, 35.830324 ], [ 128.103508, 35.82915 ], [ 128.105399, 35.828142 ], [ 128.109298, 35.824637 ], [ 128.110922, 35.823882 ], [ 128.117031, 35.823471 ], [ 128.119372, 35.824899 ], [ 128.120847, 35.823139 ], [ 128.123088, 35.822405 ], [ 128.124552, 35.819439 ], [ 128.122542, 35.814421 ], [ 128.123964, 35.812904 ], [ 128.121937, 35.811801 ], [ 128.122027, 35.807237 ], [ 128.123404, 35.805614 ], [ 128.121903, 35.803494 ], [ 128.12294, 35.801564 ], [ 128.124575, 35.800856 ], [ 128.124874, 35.799265 ], [ 128.12872, 35.794289 ], [ 128.12863, 35.789342 ], [ 128.13221, 35.787831 ], [ 128.13578, 35.78484 ], [ 128.139558, 35.78412 ], [ 128.144866, 35.784876 ], [ 128.147965, 35.784008 ], [ 128.15437, 35.786448 ], [ 128.154784, 35.785264 ], [ 128.159035, 35.783672 ], [ 128.158068, 35.781465 ], [ 128.160442, 35.778329 ], [ 128.16371, 35.777192 ], [ 128.161667, 35.771533 ], [ 128.161534, 35.770011 ], [ 128.163636, 35.765907 ], [ 128.163261, 35.762921 ], [ 128.165, 35.763489 ], [ 128.168228, 35.76203 ], [ 128.169536, 35.760529 ], [ 128.177037, 35.757937 ], [ 128.18255, 35.754695 ], [ 128.186109, 35.753845 ], [ 128.189279, 35.75176 ], [ 128.188525, 35.749672 ], [ 128.190639, 35.747614 ], [ 128.191442, 35.744424 ], [ 128.193778, 35.737984 ], [ 128.195086, 35.73795 ], [ 128.198093, 35.736063 ], [ 128.197964, 35.733902 ], [ 128.196633, 35.730383 ], [ 128.198291, 35.728558 ], [ 128.198972, 35.726241 ], [ 128.201248, 35.723159 ], [ 128.199402, 35.720293 ], [ 128.201512, 35.719974 ], [ 128.202255, 35.717601 ], [ 128.201943, 35.714305 ], [ 128.202498, 35.711916 ], [ 128.200252, 35.709311 ], [ 128.201514, 35.705164 ], [ 128.203308, 35.703042 ], [ 128.204364, 35.696575 ], [ 128.202459, 35.693691 ], [ 128.202168, 35.691615 ], [ 128.204075, 35.689194 ], [ 128.203696, 35.68636 ], [ 128.204818, 35.683923 ], [ 128.202105, 35.683725 ], [ 128.199303, 35.684515 ], [ 128.197697, 35.68323 ], [ 128.198227, 35.682326 ], [ 128.194789, 35.681111 ], [ 128.192731, 35.682276 ], [ 128.191311, 35.678777 ], [ 128.188666, 35.680159 ], [ 128.18722, 35.67965 ], [ 128.184138, 35.680047 ], [ 128.183861, 35.676744 ], [ 128.182301, 35.676357 ], [ 128.178879, 35.672928 ], [ 128.175686, 35.674172 ], [ 128.173193, 35.672969 ], [ 128.166596, 35.67409 ], [ 128.163919, 35.673461 ], [ 128.162328, 35.672013 ], [ 128.16238, 35.669775 ], [ 128.160095, 35.6675 ], [ 128.159864, 35.665705 ], [ 128.160832, 35.664094 ], [ 128.161661, 35.659784 ], [ 128.159529, 35.657529 ], [ 128.16018, 35.65488 ], [ 128.161498, 35.653787 ], [ 128.165894, 35.652992 ], [ 128.167401, 35.653699 ], [ 128.172983, 35.654847 ], [ 128.176798, 35.656955 ], [ 128.181287, 35.656872 ], [ 128.185237, 35.657673 ], [ 128.191737, 35.654936 ], [ 128.195815, 35.650893 ], [ 128.19887, 35.649154 ], [ 128.199858, 35.645589 ], [ 128.201231, 35.643722 ], [ 128.21039, 35.643788 ], [ 128.211789, 35.641348 ], [ 128.213864, 35.640777 ], [ 128.217475, 35.640991 ], [ 128.220179, 35.639987 ], [ 128.221898, 35.640749 ], [ 128.226542, 35.641541 ], [ 128.229152, 35.639557 ], [ 128.235728, 35.640438 ], [ 128.237666, 35.643696 ], [ 128.236513, 35.647378 ], [ 128.236361, 35.651083 ], [ 128.240226, 35.652079 ], [ 128.24184, 35.655117 ], [ 128.244442, 35.655427 ], [ 128.245431, 35.654073 ], [ 128.249878, 35.651194 ], [ 128.252231, 35.650746 ], [ 128.253826, 35.649565 ], [ 128.258644, 35.647797 ], [ 128.262344, 35.642737 ], [ 128.266982, 35.645185 ], [ 128.270393, 35.645649 ], [ 128.272038, 35.646828 ], [ 128.275416, 35.64673 ], [ 128.277356, 35.647288 ], [ 128.278262, 35.648693 ], [ 128.277804, 35.65031 ], [ 128.279485, 35.652312 ], [ 128.28814, 35.652462 ], [ 128.293015, 35.650862 ], [ 128.296254, 35.650729 ], [ 128.297788, 35.655312 ], [ 128.297279, 35.656323 ], [ 128.303015, 35.65479 ], [ 128.30599, 35.655476 ], [ 128.313516, 35.653038 ], [ 128.316244, 35.651544 ], [ 128.31791, 35.651492 ], [ 128.324042, 35.646612 ], [ 128.326781, 35.646843 ], [ 128.329542, 35.648531 ], [ 128.33481, 35.647089 ], [ 128.336967, 35.645247 ], [ 128.341678, 35.64482 ], [ 128.342444, 35.646248 ], [ 128.346499, 35.64577 ], [ 128.349168, 35.646446 ], [ 128.352138, 35.644583 ], [ 128.354757, 35.641805 ], [ 128.357939, 35.637356 ], [ 128.360432, 35.632471 ], [ 128.362768, 35.625999 ], [ 128.363708, 35.618534 ], [ 128.364634, 35.613357 ], [ 128.365599, 35.613394 ], [ 128.371748, 35.610881 ] ], [ [ 128.529851, 35.683015 ], [ 128.531799, 35.683334 ], [ 128.53132, 35.68786 ], [ 128.535264, 35.694052 ], [ 128.531864, 35.696616 ], [ 128.532745, 35.698294 ], [ 128.532618, 35.700711 ], [ 128.533887, 35.70326 ], [ 128.531318, 35.706992 ], [ 128.530561, 35.7094 ], [ 128.527905, 35.712741 ], [ 128.530299, 35.713489 ], [ 128.53331, 35.716467 ], [ 128.536818, 35.716839 ], [ 128.541014, 35.719116 ], [ 128.544086, 35.719434 ], [ 128.545672, 35.72206 ], [ 128.552331, 35.726354 ], [ 128.555514, 35.727843 ], [ 128.560987, 35.729714 ], [ 128.562656, 35.732245 ], [ 128.563549, 35.735876 ], [ 128.566646, 35.736946 ], [ 128.568013, 35.735583 ], [ 128.570841, 35.734533 ], [ 128.574635, 35.736488 ], [ 128.579303, 35.737658 ], [ 128.580516, 35.738667 ], [ 128.582416, 35.738333 ], [ 128.585147, 35.734545 ], [ 128.589601, 35.731504 ], [ 128.592163, 35.732656 ], [ 128.594114, 35.735545 ], [ 128.594245, 35.737075 ], [ 128.600003, 35.736339 ], [ 128.605125, 35.737552 ], [ 128.607499, 35.738998 ], [ 128.612435, 35.738519 ], [ 128.613891, 35.73689 ], [ 128.613745, 35.732434 ], [ 128.614548, 35.729617 ], [ 128.613022, 35.72894 ], [ 128.610104, 35.726213 ], [ 128.609934, 35.724876 ], [ 128.612657, 35.722504 ], [ 128.614058, 35.722114 ], [ 128.615825, 35.720167 ], [ 128.616926, 35.717635 ], [ 128.616667, 35.716378 ], [ 128.613951, 35.714174 ], [ 128.613916, 35.709841 ], [ 128.617104, 35.707391 ], [ 128.617454, 35.706025 ], [ 128.619788, 35.704509 ], [ 128.619777, 35.702849 ], [ 128.623997, 35.702297 ], [ 128.624498, 35.703355 ], [ 128.630501, 35.706672 ], [ 128.638248, 35.705791 ], [ 128.641423, 35.706923 ], [ 128.643494, 35.706997 ], [ 128.646212, 35.708174 ], [ 128.64727, 35.711492 ], [ 128.64906, 35.711647 ], [ 128.655102, 35.715266 ], [ 128.65661, 35.71786 ], [ 128.661033, 35.720049 ], [ 128.662283, 35.719442 ], [ 128.663524, 35.720503 ], [ 128.665557, 35.718945 ], [ 128.667817, 35.719349 ], [ 128.670933, 35.718894 ], [ 128.67177, 35.720526 ], [ 128.675093, 35.721213 ], [ 128.679588, 35.720935 ], [ 128.68324, 35.721454 ], [ 128.683137, 35.725578 ], [ 128.690964, 35.730889 ], [ 128.692, 35.733263 ], [ 128.691947, 35.735301 ], [ 128.689079, 35.738115 ], [ 128.689284, 35.740194 ], [ 128.693657, 35.743653 ], [ 128.692438, 35.746705 ], [ 128.694087, 35.749916 ], [ 128.694331, 35.753667 ], [ 128.695486, 35.755742 ], [ 128.694201, 35.758143 ], [ 128.691165, 35.760225 ], [ 128.691434, 35.763948 ], [ 128.688616, 35.768023 ], [ 128.686456, 35.768526 ], [ 128.686091, 35.771226 ], [ 128.68696, 35.77286 ], [ 128.68707, 35.775499 ], [ 128.686016, 35.778043 ], [ 128.684928, 35.778238 ], [ 128.681562, 35.783963 ], [ 128.681404, 35.785865 ], [ 128.682502, 35.790131 ], [ 128.687278, 35.792297 ], [ 128.689768, 35.792757 ], [ 128.691257, 35.795687 ], [ 128.694564, 35.79678 ], [ 128.697471, 35.794351 ], [ 128.699809, 35.795049 ], [ 128.700407, 35.796627 ], [ 128.703871, 35.799312 ], [ 128.70788, 35.800389 ], [ 128.707789, 35.80252 ], [ 128.71016, 35.804246 ], [ 128.716058, 35.805284 ], [ 128.717581, 35.808086 ], [ 128.71584, 35.809348 ], [ 128.714141, 35.815303 ], [ 128.713885, 35.817508 ], [ 128.709065, 35.821598 ], [ 128.708637, 35.826568 ], [ 128.714799, 35.832728 ], [ 128.717809, 35.834143 ], [ 128.71977, 35.836058 ], [ 128.721697, 35.834678 ], [ 128.725041, 35.835998 ], [ 128.724085, 35.838396 ], [ 128.724362, 35.840441 ], [ 128.726347, 35.842561 ], [ 128.726872, 35.847212 ], [ 128.724894, 35.853014 ], [ 128.725424, 35.853813 ], [ 128.722745, 35.855445 ], [ 128.721874, 35.856948 ], [ 128.723168, 35.857878 ], [ 128.725598, 35.857727 ], [ 128.73502, 35.851442 ], [ 128.738572, 35.851298 ], [ 128.745489, 35.855864 ], [ 128.750752, 35.857509 ], [ 128.754836, 35.863263 ], [ 128.759795, 35.866075 ], [ 128.759871, 35.86846 ], [ 128.757752, 35.870024 ], [ 128.759472, 35.871361 ], [ 128.759548, 35.873001 ], [ 128.761155, 35.874682 ], [ 128.758718, 35.876207 ], [ 128.757515, 35.875967 ], [ 128.756981, 35.877866 ], [ 128.758732, 35.878553 ], [ 128.760995, 35.883512 ], [ 128.761482, 35.887854 ], [ 128.762693, 35.888498 ], [ 128.760218, 35.890861 ], [ 128.757507, 35.896266 ], [ 128.756628, 35.902589 ], [ 128.756735, 35.904667 ], [ 128.759801, 35.906833 ], [ 128.757416, 35.910468 ], [ 128.757419, 35.911753 ], [ 128.755296, 35.915005 ], [ 128.7522, 35.916737 ], [ 128.750875, 35.916788 ], [ 128.745593, 35.918606 ], [ 128.742677, 35.920399 ], [ 128.740096, 35.925661 ], [ 128.736672, 35.929631 ], [ 128.73843, 35.931125 ], [ 128.738073, 35.93413 ], [ 128.739453, 35.93506 ], [ 128.739745, 35.937472 ], [ 128.744087, 35.943958 ], [ 128.743577, 35.946801 ], [ 128.742247, 35.947793 ], [ 128.742439, 35.949601 ], [ 128.740944, 35.951618 ], [ 128.739811, 35.954797 ], [ 128.737961, 35.955943 ], [ 128.738906, 35.957237 ], [ 128.742995, 35.959945 ], [ 128.743369, 35.964329 ], [ 128.745391, 35.968481 ], [ 128.74621, 35.972869 ], [ 128.745335, 35.974031 ], [ 128.740294, 35.975814 ], [ 128.738027, 35.977516 ], [ 128.736703, 35.981149 ], [ 128.73224, 35.983753 ], [ 128.730974, 35.985361 ], [ 128.731592, 35.989381 ], [ 128.734701, 35.993076 ], [ 128.73262, 35.9969 ], [ 128.728213, 35.998355 ], [ 128.728606, 36.000719 ], [ 128.727814, 36.002227 ], [ 128.724719, 36.004038 ], [ 128.722659, 36.006131 ], [ 128.717865, 36.008127 ], [ 128.713667, 36.008334 ], [ 128.711851, 36.009162 ], [ 128.704422, 36.010078 ], [ 128.701382, 36.010853 ], [ 128.696801, 36.013172 ], [ 128.695596, 36.016165 ], [ 128.694159, 36.018213 ], [ 128.695371, 36.018913 ], [ 128.69894, 36.024507 ], [ 128.699839, 36.028655 ], [ 128.697305, 36.034473 ], [ 128.696443, 36.035133 ], [ 128.698489, 36.038026 ], [ 128.701082, 36.039776 ], [ 128.704106, 36.044405 ], [ 128.704787, 36.048614 ], [ 128.702874, 36.055511 ], [ 128.704656, 36.059324 ], [ 128.707495, 36.060935 ], [ 128.709819, 36.065899 ], [ 128.711893, 36.06675 ], [ 128.711462, 36.067818 ], [ 128.712812, 36.072925 ], [ 128.714039, 36.075484 ], [ 128.717827, 36.074499 ], [ 128.718867, 36.074897 ], [ 128.721439, 36.07313 ], [ 128.723719, 36.073525 ], [ 128.724606, 36.075729 ], [ 128.726904, 36.077072 ], [ 128.726693, 36.078685 ], [ 128.729386, 36.08097 ], [ 128.729304, 36.082739 ], [ 128.728053, 36.084298 ], [ 128.727495, 36.08681 ], [ 128.725614, 36.087077 ], [ 128.722901, 36.09022 ], [ 128.724392, 36.092024 ], [ 128.726737, 36.093267 ], [ 128.729108, 36.092551 ], [ 128.73361, 36.094261 ], [ 128.736111, 36.09701 ], [ 128.735374, 36.098167 ], [ 128.736337, 36.099408 ], [ 128.740237, 36.099633 ], [ 128.744133, 36.102353 ], [ 128.745142, 36.107879 ], [ 128.745013, 36.10931 ], [ 128.746886, 36.10801 ], [ 128.751645, 36.10305 ], [ 128.751405, 36.099156 ], [ 128.752626, 36.099007 ], [ 128.752749, 36.095826 ], [ 128.750265, 36.092068 ], [ 128.753673, 36.09078 ], [ 128.755015, 36.092677 ], [ 128.757323, 36.094023 ], [ 128.757554, 36.09567 ], [ 128.759486, 36.097571 ], [ 128.76452, 36.100657 ], [ 128.766847, 36.100185 ], [ 128.767198, 36.098277 ], [ 128.768203, 36.098674 ], [ 128.769433, 36.096913 ], [ 128.776484, 36.095671 ], [ 128.781264, 36.092017 ], [ 128.78524, 36.090754 ], [ 128.787624, 36.089143 ], [ 128.78848, 36.086145 ], [ 128.795217, 36.08706 ], [ 128.798532, 36.085317 ], [ 128.802087, 36.085971 ], [ 128.804505, 36.08808 ], [ 128.807672, 36.08827 ], [ 128.811311, 36.089328 ], [ 128.813629, 36.091769 ], [ 128.81639, 36.092308 ], [ 128.818832, 36.09413 ], [ 128.818161, 36.096438 ], [ 128.819271, 36.098307 ], [ 128.82228, 36.100468 ], [ 128.827531, 36.101413 ], [ 128.830363, 36.102809 ], [ 128.832619, 36.101992 ], [ 128.834563, 36.104184 ], [ 128.836964, 36.107967 ], [ 128.836652, 36.109619 ], [ 128.837839, 36.113052 ], [ 128.841103, 36.113384 ], [ 128.843142, 36.112923 ], [ 128.845048, 36.116325 ], [ 128.850953, 36.118177 ], [ 128.852456, 36.121294 ], [ 128.850901, 36.124265 ], [ 128.853443, 36.128418 ], [ 128.852266, 36.131973 ], [ 128.850542, 36.134554 ], [ 128.850866, 36.13805 ], [ 128.852083, 36.138336 ], [ 128.856501, 36.14172 ], [ 128.858574, 36.144969 ], [ 128.861728, 36.145215 ], [ 128.864898, 36.144343 ], [ 128.867983, 36.145235 ], [ 128.8743, 36.142839 ], [ 128.882881, 36.142562 ], [ 128.884535, 36.1435 ], [ 128.886673, 36.142664 ], [ 128.889859, 36.142528 ], [ 128.891585, 36.143479 ], [ 128.890039, 36.147252 ], [ 128.892167, 36.152066 ], [ 128.891606, 36.155041 ], [ 128.893454, 36.156357 ], [ 128.895479, 36.159822 ], [ 128.900197, 36.162378 ], [ 128.895504, 36.167566 ], [ 128.894447, 36.169407 ], [ 128.895009, 36.173197 ], [ 128.890938, 36.176221 ], [ 128.891053, 36.180832 ], [ 128.889898, 36.18224 ], [ 128.885085, 36.184015 ], [ 128.883465, 36.18844 ], [ 128.880758, 36.190234 ], [ 128.882382, 36.192451 ], [ 128.882341, 36.195288 ], [ 128.883173, 36.198395 ], [ 128.880766, 36.198858 ], [ 128.87605, 36.198693 ], [ 128.874356, 36.199808 ], [ 128.871216, 36.205159 ], [ 128.865906, 36.205403 ], [ 128.861631, 36.20732 ], [ 128.858374, 36.207807 ], [ 128.857105, 36.209779 ], [ 128.851169, 36.212639 ], [ 128.848511, 36.214712 ], [ 128.845605, 36.214565 ], [ 128.842053, 36.216144 ], [ 128.838963, 36.215146 ], [ 128.834217, 36.214601 ], [ 128.83068, 36.218046 ], [ 128.826557, 36.218242 ], [ 128.822958, 36.217087 ], [ 128.818537, 36.214832 ], [ 128.813375, 36.210532 ], [ 128.8041, 36.209808 ], [ 128.805226, 36.207002 ], [ 128.801642, 36.205787 ], [ 128.803791, 36.203179 ], [ 128.801521, 36.197872 ], [ 128.798864, 36.196041 ], [ 128.796447, 36.19082 ], [ 128.792046, 36.191297 ], [ 128.787703, 36.193101 ], [ 128.780661, 36.19438 ], [ 128.777705, 36.194264 ], [ 128.774854, 36.194901 ], [ 128.772387, 36.194719 ], [ 128.769958, 36.193426 ], [ 128.765846, 36.196579 ], [ 128.763344, 36.199334 ], [ 128.761369, 36.199385 ], [ 128.758568, 36.201158 ], [ 128.757977, 36.202862 ], [ 128.754992, 36.202445 ], [ 128.752691, 36.202811 ], [ 128.751409, 36.200059 ], [ 128.749969, 36.198878 ], [ 128.749591, 36.195959 ], [ 128.74592, 36.194447 ], [ 128.743252, 36.196221 ], [ 128.743079, 36.19744 ], [ 128.738469, 36.199945 ], [ 128.734996, 36.200729 ], [ 128.73242, 36.199407 ], [ 128.729516, 36.198813 ], [ 128.727476, 36.200759 ], [ 128.719132, 36.198083 ], [ 128.718631, 36.200112 ], [ 128.713499, 36.200035 ], [ 128.708574, 36.19858 ], [ 128.704297, 36.199042 ], [ 128.701887, 36.201081 ], [ 128.699137, 36.20119 ], [ 128.696332, 36.202151 ], [ 128.696296, 36.20448 ], [ 128.697885, 36.205996 ], [ 128.698328, 36.207747 ], [ 128.699885, 36.20884 ], [ 128.697899, 36.210214 ], [ 128.698069, 36.211666 ], [ 128.694208, 36.213963 ], [ 128.690174, 36.212187 ], [ 128.687982, 36.213758 ], [ 128.682712, 36.215294 ], [ 128.673891, 36.211938 ], [ 128.672108, 36.208224 ], [ 128.669513, 36.209255 ], [ 128.667411, 36.212154 ], [ 128.667533, 36.214721 ], [ 128.665361, 36.215754 ], [ 128.665876, 36.216888 ], [ 128.664641, 36.218962 ], [ 128.662453, 36.219028 ], [ 128.6625, 36.220391 ], [ 128.659755, 36.22138 ], [ 128.659045, 36.220238 ], [ 128.655668, 36.220116 ], [ 128.655609, 36.218353 ], [ 128.653031, 36.217131 ], [ 128.648701, 36.218068 ], [ 128.647501, 36.21594 ], [ 128.642541, 36.212113 ], [ 128.639412, 36.207484 ], [ 128.635411, 36.208997 ], [ 128.634311, 36.213672 ], [ 128.631815, 36.216214 ], [ 128.634895, 36.218472 ], [ 128.636273, 36.223828 ], [ 128.632905, 36.225512 ], [ 128.63707, 36.227599 ], [ 128.636811, 36.229846 ], [ 128.634453, 36.231148 ], [ 128.636652, 36.2331 ], [ 128.634311, 36.236401 ], [ 128.6348, 36.237312 ], [ 128.633126, 36.238662 ], [ 128.635743, 36.240356 ], [ 128.639475, 36.241316 ], [ 128.63894, 36.242946 ], [ 128.64137, 36.244805 ], [ 128.638784, 36.247691 ], [ 128.638489, 36.251831 ], [ 128.640565, 36.253188 ], [ 128.640034, 36.255693 ], [ 128.6406, 36.257513 ], [ 128.636138, 36.261506 ], [ 128.629931, 36.262406 ], [ 128.629026, 36.263788 ], [ 128.624483, 36.266723 ], [ 128.619608, 36.268103 ], [ 128.616307, 36.267351 ], [ 128.613545, 36.269712 ], [ 128.608907, 36.271209 ], [ 128.606775, 36.271127 ], [ 128.603367, 36.269931 ], [ 128.599419, 36.270489 ], [ 128.59763, 36.27133 ], [ 128.596507, 36.275531 ], [ 128.594501, 36.277719 ], [ 128.588815, 36.277277 ], [ 128.587698, 36.278306 ], [ 128.585442, 36.278223 ], [ 128.581409, 36.279501 ], [ 128.575813, 36.279933 ], [ 128.573185, 36.276511 ], [ 128.569958, 36.274659 ], [ 128.566754, 36.274214 ], [ 128.563341, 36.275845 ], [ 128.560205, 36.275552 ], [ 128.557558, 36.274066 ], [ 128.554831, 36.275106 ], [ 128.553692, 36.274329 ], [ 128.551827, 36.275029 ], [ 128.551965, 36.27802 ], [ 128.549916, 36.279376 ], [ 128.549865, 36.284241 ], [ 128.548752, 36.28471 ], [ 128.54732, 36.289397 ], [ 128.545269, 36.290574 ], [ 128.545514, 36.291953 ], [ 128.542798, 36.293886 ], [ 128.539749, 36.294753 ], [ 128.536126, 36.294851 ], [ 128.535669, 36.295825 ], [ 128.529935, 36.293831 ], [ 128.526554, 36.29708 ], [ 128.525882, 36.299308 ], [ 128.523172, 36.299598 ], [ 128.521812, 36.300496 ], [ 128.519605, 36.300251 ], [ 128.518049, 36.301934 ], [ 128.515057, 36.302011 ], [ 128.513212, 36.300874 ], [ 128.510777, 36.300667 ], [ 128.508513, 36.303319 ], [ 128.503913, 36.303231 ], [ 128.500243, 36.303786 ], [ 128.496438, 36.30295 ], [ 128.493037, 36.30471 ], [ 128.491154, 36.304027 ], [ 128.490363, 36.30602 ], [ 128.487729, 36.30811 ], [ 128.484405, 36.307487 ], [ 128.479126, 36.311025 ], [ 128.473185, 36.312177 ], [ 128.473506, 36.317946 ], [ 128.471819, 36.318662 ], [ 128.471033, 36.320926 ], [ 128.470115, 36.320117 ], [ 128.468579, 36.321798 ], [ 128.462501, 36.322775 ], [ 128.460145, 36.324199 ], [ 128.455756, 36.325018 ], [ 128.455442, 36.326885 ], [ 128.451629, 36.327199 ], [ 128.45102, 36.324795 ], [ 128.447044, 36.322689 ], [ 128.445113, 36.318397 ], [ 128.441993, 36.31597 ], [ 128.440191, 36.315756 ], [ 128.43804, 36.314042 ], [ 128.439209, 36.31232 ], [ 128.438486, 36.306934 ], [ 128.438929, 36.305949 ], [ 128.437326, 36.30432 ], [ 128.434607, 36.305687 ], [ 128.431923, 36.304389 ], [ 128.431849, 36.302644 ], [ 128.42789, 36.298915 ], [ 128.425487, 36.299134 ], [ 128.42112, 36.298365 ], [ 128.419816, 36.299162 ], [ 128.41651, 36.298719 ], [ 128.414144, 36.296066 ], [ 128.412823, 36.293687 ], [ 128.413898, 36.291275 ], [ 128.410439, 36.287201 ], [ 128.413271, 36.284258 ], [ 128.413517, 36.282888 ], [ 128.416403, 36.282601 ], [ 128.418457, 36.280312 ], [ 128.421501, 36.27955 ], [ 128.424073, 36.27783 ], [ 128.426437, 36.275413 ], [ 128.426268, 36.2733 ], [ 128.422581, 36.269779 ], [ 128.420737, 36.266194 ], [ 128.421556, 36.26186 ], [ 128.420578, 36.259715 ], [ 128.418709, 36.258178 ], [ 128.416174, 36.257688 ], [ 128.419226, 36.255463 ], [ 128.420175, 36.252059 ], [ 128.418799, 36.251697 ], [ 128.41744, 36.247937 ], [ 128.417653, 36.245857 ], [ 128.421658, 36.242761 ], [ 128.423816, 36.242249 ], [ 128.423312, 36.23823 ], [ 128.425448, 36.236157 ], [ 128.430169, 36.236317 ], [ 128.434002, 36.234346 ], [ 128.434533, 36.230505 ], [ 128.437769, 36.227096 ], [ 128.437848, 36.222751 ], [ 128.440945, 36.218358 ], [ 128.443362, 36.220002 ], [ 128.443865, 36.221221 ], [ 128.446568, 36.220916 ], [ 128.450897, 36.221736 ], [ 128.453655, 36.22432 ], [ 128.459712, 36.226779 ], [ 128.461162, 36.226281 ], [ 128.46739, 36.230258 ], [ 128.468113, 36.22949 ], [ 128.471604, 36.229163 ], [ 128.472895, 36.230569 ], [ 128.475774, 36.231616 ], [ 128.476296, 36.233309 ], [ 128.47845, 36.234713 ], [ 128.485062, 36.233202 ], [ 128.485885, 36.230991 ], [ 128.482679, 36.227323 ], [ 128.479744, 36.225622 ], [ 128.47953, 36.224475 ], [ 128.481381, 36.223808 ], [ 128.483008, 36.224662 ], [ 128.485065, 36.224272 ], [ 128.485526, 36.223188 ], [ 128.489158, 36.220283 ], [ 128.489019, 36.217595 ], [ 128.487917, 36.214723 ], [ 128.49156, 36.212724 ], [ 128.494068, 36.206223 ], [ 128.493215, 36.200698 ], [ 128.494393, 36.197792 ], [ 128.496461, 36.195982 ], [ 128.498873, 36.196014 ], [ 128.499612, 36.192667 ], [ 128.501924, 36.189991 ], [ 128.501793, 36.186085 ], [ 128.502936, 36.184882 ], [ 128.507111, 36.185569 ], [ 128.509749, 36.188128 ], [ 128.511835, 36.191619 ], [ 128.513422, 36.192233 ], [ 128.515326, 36.196636 ], [ 128.516007, 36.199699 ], [ 128.521429, 36.200661 ], [ 128.522777, 36.201425 ], [ 128.525499, 36.200222 ], [ 128.527498, 36.197492 ], [ 128.531162, 36.197249 ], [ 128.53661, 36.194933 ], [ 128.538842, 36.19133 ], [ 128.540879, 36.189637 ], [ 128.542552, 36.187049 ], [ 128.542891, 36.185043 ], [ 128.544968, 36.183979 ], [ 128.545965, 36.181522 ], [ 128.548643, 36.180036 ], [ 128.548828, 36.177811 ], [ 128.553931, 36.178112 ], [ 128.556879, 36.177175 ], [ 128.554784, 36.174674 ], [ 128.5538, 36.172044 ], [ 128.553956, 36.168308 ], [ 128.55237, 36.164908 ], [ 128.54831, 36.164259 ], [ 128.544869, 36.166101 ], [ 128.542118, 36.163713 ], [ 128.540078, 36.16109 ], [ 128.540875, 36.160302 ], [ 128.542409, 36.154671 ], [ 128.546652, 36.153812 ], [ 128.547416, 36.152347 ], [ 128.550186, 36.150648 ], [ 128.548758, 36.148039 ], [ 128.549668, 36.145263 ], [ 128.548757, 36.143085 ], [ 128.548604, 36.140337 ], [ 128.551403, 36.140094 ], [ 128.55291, 36.139061 ], [ 128.551383, 36.135861 ], [ 128.548587, 36.132157 ], [ 128.552922, 36.127593 ], [ 128.5525, 36.125602 ], [ 128.554666, 36.122891 ], [ 128.554879, 36.121617 ], [ 128.557986, 36.119491 ], [ 128.559573, 36.120108 ], [ 128.56159, 36.119367 ], [ 128.564003, 36.115858 ], [ 128.562844, 36.111116 ], [ 128.565216, 36.109615 ], [ 128.564627, 36.10685 ], [ 128.56493, 36.103912 ], [ 128.562927, 36.100473 ], [ 128.563357, 36.098335 ], [ 128.565717, 36.097798 ], [ 128.567556, 36.095555 ], [ 128.568094, 36.090569 ], [ 128.569005, 36.0885 ], [ 128.567999, 36.083704 ], [ 128.56676, 36.082198 ], [ 128.567723, 36.079844 ], [ 128.565292, 36.077211 ], [ 128.565588, 36.074107 ], [ 128.563849, 36.071826 ], [ 128.563842, 36.069756 ], [ 128.566737, 36.066961 ], [ 128.566763, 36.06576 ], [ 128.568922, 36.061996 ], [ 128.569395, 36.058226 ], [ 128.573042, 36.061201 ], [ 128.575632, 36.062639 ], [ 128.577387, 36.062783 ], [ 128.580095, 36.065265 ], [ 128.580355, 36.066711 ], [ 128.583466, 36.067894 ], [ 128.586979, 36.063648 ], [ 128.591141, 36.062864 ], [ 128.594457, 36.062835 ], [ 128.595436, 36.065195 ], [ 128.597592, 36.066885 ], [ 128.596715, 36.070322 ], [ 128.597879, 36.074961 ], [ 128.603729, 36.075677 ], [ 128.607726, 36.075346 ], [ 128.607137, 36.076106 ], [ 128.612111, 36.076509 ], [ 128.615572, 36.077896 ], [ 128.618208, 36.076937 ], [ 128.622302, 36.077317 ], [ 128.623945, 36.078041 ], [ 128.624734, 36.080139 ], [ 128.627758, 36.080162 ], [ 128.628497, 36.078828 ], [ 128.631355, 36.076713 ], [ 128.630318, 36.073539 ], [ 128.628306, 36.072049 ], [ 128.629137, 36.071116 ], [ 128.627586, 36.069014 ], [ 128.629217, 36.068838 ], [ 128.632695, 36.066843 ], [ 128.631856, 36.06362 ], [ 128.630437, 36.061366 ], [ 128.630589, 36.059958 ], [ 128.628437, 36.059947 ], [ 128.629213, 36.055209 ], [ 128.628906, 36.050736 ], [ 128.627312, 36.047586 ], [ 128.627683, 36.044979 ], [ 128.62602, 36.043661 ], [ 128.626117, 36.04188 ], [ 128.622591, 36.037811 ], [ 128.623124, 36.036609 ], [ 128.621281, 36.032645 ], [ 128.621964, 36.029873 ], [ 128.621243, 36.028059 ], [ 128.621352, 36.025236 ], [ 128.626432, 36.021881 ], [ 128.628787, 36.02134 ], [ 128.634542, 36.018556 ], [ 128.636901, 36.016887 ], [ 128.637258, 36.015257 ], [ 128.640711, 36.010531 ], [ 128.638811, 36.009243 ], [ 128.634846, 36.00903 ], [ 128.630581, 36.007121 ], [ 128.626099, 36.007853 ], [ 128.624037, 36.007465 ], [ 128.623598, 36.006395 ], [ 128.620523, 36.006019 ], [ 128.617486, 36.006737 ], [ 128.615717, 36.000977 ], [ 128.612516, 35.999297 ], [ 128.608643, 35.993597 ], [ 128.606509, 35.992084 ], [ 128.603378, 35.987823 ], [ 128.603504, 35.986013 ], [ 128.596124, 35.984549 ], [ 128.592925, 35.983362 ], [ 128.593042, 35.980842 ], [ 128.590156, 35.979235 ], [ 128.587364, 35.979394 ], [ 128.58322, 35.977281 ], [ 128.582338, 35.978247 ], [ 128.578561, 35.978432 ], [ 128.574302, 35.977823 ], [ 128.572838, 35.978313 ], [ 128.56567, 35.974921 ], [ 128.564707, 35.972937 ], [ 128.561665, 35.97253 ], [ 128.560386, 35.973044 ], [ 128.556367, 35.971738 ], [ 128.556177, 35.966922 ], [ 128.552937, 35.960893 ], [ 128.55057, 35.962462 ], [ 128.549333, 35.962323 ], [ 128.54634, 35.966335 ], [ 128.546242, 35.968951 ], [ 128.543661, 35.973166 ], [ 128.543736, 35.974441 ], [ 128.540423, 35.976574 ], [ 128.537282, 35.977501 ], [ 128.536115, 35.979441 ], [ 128.534219, 35.979233 ], [ 128.531241, 35.980562 ], [ 128.528354, 35.98035 ], [ 128.52895, 35.9772 ], [ 128.526896, 35.975851 ], [ 128.528185, 35.973238 ], [ 128.527741, 35.971495 ], [ 128.529203, 35.968801 ], [ 128.529418, 35.965936 ], [ 128.530497, 35.96199 ], [ 128.533478, 35.960876 ], [ 128.534811, 35.958383 ], [ 128.532549, 35.950542 ], [ 128.533645, 35.949181 ], [ 128.534082, 35.944465 ], [ 128.534778, 35.941838 ], [ 128.535055, 35.937889 ], [ 128.533755, 35.934792 ], [ 128.533517, 35.932446 ], [ 128.530222, 35.927894 ], [ 128.529456, 35.92359 ], [ 128.525797, 35.92292 ], [ 128.524519, 35.920358 ], [ 128.523276, 35.919599 ], [ 128.523159, 35.917567 ], [ 128.520008, 35.915447 ], [ 128.516903, 35.911843 ], [ 128.515012, 35.910998 ], [ 128.513457, 35.911521 ], [ 128.510121, 35.909934 ], [ 128.508942, 35.9079 ], [ 128.506914, 35.906103 ], [ 128.50512, 35.902815 ], [ 128.505969, 35.900394 ], [ 128.504647, 35.898008 ], [ 128.505845, 35.896681 ], [ 128.504632, 35.893393 ], [ 128.504825, 35.891448 ], [ 128.504589, 35.889152 ], [ 128.50225, 35.887069 ], [ 128.500336, 35.886448 ], [ 128.499364, 35.889877 ], [ 128.496357, 35.889228 ], [ 128.494722, 35.890789 ], [ 128.492503, 35.895095 ], [ 128.492545, 35.896147 ], [ 128.490617, 35.897579 ], [ 128.48798, 35.897616 ], [ 128.486579, 35.896406 ], [ 128.484945, 35.896529 ], [ 128.484489, 35.894342 ], [ 128.478477, 35.896824 ], [ 128.47527, 35.894458 ], [ 128.473294, 35.895498 ], [ 128.467755, 35.900218 ], [ 128.467161, 35.903814 ], [ 128.46734, 35.906423 ], [ 128.465399, 35.90859 ], [ 128.466623, 35.910193 ], [ 128.468721, 35.910845 ], [ 128.472755, 35.914436 ], [ 128.47397, 35.917417 ], [ 128.473264, 35.923214 ], [ 128.476173, 35.928213 ], [ 128.476419, 35.934439 ], [ 128.474323, 35.936515 ], [ 128.46982, 35.938087 ], [ 128.466349, 35.937964 ], [ 128.465384, 35.938792 ], [ 128.462767, 35.938829 ], [ 128.462681, 35.939676 ], [ 128.459866, 35.941449 ], [ 128.458205, 35.941223 ], [ 128.454155, 35.943149 ], [ 128.45379, 35.938894 ], [ 128.452777, 35.936617 ], [ 128.450338, 35.935042 ], [ 128.445436, 35.935334 ], [ 128.441108, 35.934944 ], [ 128.44013, 35.932531 ], [ 128.438745, 35.931519 ], [ 128.437186, 35.931846 ], [ 128.432928, 35.931004 ], [ 128.431951, 35.931504 ], [ 128.4278, 35.928853 ], [ 128.427544, 35.927334 ], [ 128.424901, 35.928041 ], [ 128.424726, 35.925068 ], [ 128.423782, 35.923115 ], [ 128.421398, 35.921934 ], [ 128.418093, 35.921292 ], [ 128.418295, 35.916632 ], [ 128.416623, 35.914567 ], [ 128.416474, 35.912677 ], [ 128.414824, 35.912354 ], [ 128.413005, 35.909173 ], [ 128.410166, 35.906546 ], [ 128.407129, 35.900725 ], [ 128.406772, 35.901423 ], [ 128.404148, 35.900518 ], [ 128.398977, 35.899927 ], [ 128.398982, 35.898881 ], [ 128.399135, 35.896319 ], [ 128.398067, 35.892709 ], [ 128.394692, 35.887256 ], [ 128.392645, 35.881866 ], [ 128.390314, 35.87825 ], [ 128.38845, 35.87176 ], [ 128.385348, 35.867991 ], [ 128.384209, 35.865656 ], [ 128.383595, 35.862555 ], [ 128.38351, 35.852835 ], [ 128.386542, 35.851305 ], [ 128.387592, 35.852406 ], [ 128.389534, 35.852011 ], [ 128.410956, 35.851888 ], [ 128.415982, 35.851757 ], [ 128.419178, 35.850553 ], [ 128.430766, 35.849724 ], [ 128.436182, 35.848334 ], [ 128.44472, 35.847921 ], [ 128.450002, 35.846657 ], [ 128.460356, 35.841605 ], [ 128.466604, 35.839732 ], [ 128.468881, 35.839595 ], [ 128.468695, 35.838464 ], [ 128.472546, 35.833608 ], [ 128.474155, 35.832543 ], [ 128.481217, 35.830086 ], [ 128.482459, 35.826003 ], [ 128.483069, 35.821139 ], [ 128.482699, 35.815524 ], [ 128.481537, 35.816012 ], [ 128.477898, 35.812346 ], [ 128.472793, 35.808982 ], [ 128.473882, 35.807183 ], [ 128.470433, 35.805922 ], [ 128.441029, 35.806017 ], [ 128.440945, 35.809294 ], [ 128.42083, 35.809355 ], [ 128.420816, 35.806304 ], [ 128.415786, 35.806092 ], [ 128.415772, 35.802815 ], [ 128.41244, 35.802824 ], [ 128.410736, 35.80109 ], [ 128.410545, 35.799351 ], [ 128.408119, 35.799208 ], [ 128.40068, 35.786495 ], [ 128.39881, 35.780998 ], [ 128.396903, 35.777684 ], [ 128.392123, 35.773292 ], [ 128.389631, 35.769987 ], [ 128.385972, 35.763391 ], [ 128.383469, 35.760087 ], [ 128.383294, 35.758585 ], [ 128.387734, 35.753579 ], [ 128.391247, 35.748353 ], [ 128.396323, 35.745306 ], [ 128.40138, 35.743355 ], [ 128.406449, 35.740674 ], [ 128.411509, 35.738557 ], [ 128.421646, 35.733135 ], [ 128.42389, 35.731028 ], [ 128.431816, 35.725598 ], [ 128.433858, 35.721302 ], [ 128.434889, 35.714758 ], [ 128.43482, 35.710539 ], [ 128.433981, 35.70707 ], [ 128.432147, 35.704895 ], [ 128.427766, 35.701572 ], [ 128.425458, 35.699229 ], [ 128.422223, 35.697269 ], [ 128.419114, 35.696393 ], [ 128.412202, 35.695842 ], [ 128.397063, 35.700223 ], [ 128.392028, 35.70094 ], [ 128.381973, 35.701548 ], [ 128.376925, 35.703063 ], [ 128.372082, 35.705102 ], [ 128.364987, 35.707441 ], [ 128.358878, 35.708701 ], [ 128.355343, 35.707333 ], [ 128.351797, 35.704016 ], [ 128.351548, 35.697458 ], [ 128.353298, 35.690922 ], [ 128.355954, 35.684397 ], [ 128.357186, 35.682195 ], [ 128.362319, 35.675574 ], [ 128.36741, 35.671414 ], [ 128.372511, 35.666621 ], [ 128.382669, 35.659544 ], [ 128.383686, 35.658486 ], [ 128.39227, 35.653449 ], [ 128.397912, 35.648809 ], [ 128.400037, 35.645555 ], [ 128.400466, 35.642282 ], [ 128.401954, 35.635743 ], [ 128.401251, 35.632729 ], [ 128.397201, 35.629136 ], [ 128.395265, 35.625837 ], [ 128.388376, 35.617928 ], [ 128.378412, 35.613649 ], [ 128.373414, 35.612486 ], [ 128.371748, 35.610881 ] ], [ [ 128.371748, 35.610881 ], [ 128.371246, 35.609591 ], [ 128.377079, 35.60698 ], [ 128.378345, 35.606999 ], [ 128.379819, 35.609252 ], [ 128.381562, 35.60686 ], [ 128.383263, 35.607863 ], [ 128.383949, 35.609598 ], [ 128.387752, 35.610151 ], [ 128.390129, 35.612381 ], [ 128.393485, 35.612789 ], [ 128.395195, 35.61451 ], [ 128.398082, 35.614982 ], [ 128.399292, 35.615919 ], [ 128.402924, 35.61521 ], [ 128.402925, 35.617305 ], [ 128.404879, 35.616324 ], [ 128.406543, 35.614197 ], [ 128.410156, 35.615097 ], [ 128.412999, 35.616558 ], [ 128.415278, 35.618904 ], [ 128.416667, 35.621962 ], [ 128.418294, 35.621655 ], [ 128.41904, 35.619698 ], [ 128.422737, 35.625124 ], [ 128.424674, 35.625479 ], [ 128.43098, 35.621639 ], [ 128.431995, 35.623745 ], [ 128.437858, 35.630758 ], [ 128.440454, 35.63059 ], [ 128.441074, 35.633991 ], [ 128.444154, 35.635417 ], [ 128.444862, 35.634322 ], [ 128.446476, 35.638414 ], [ 128.448098, 35.637805 ], [ 128.451488, 35.637988 ], [ 128.452461, 35.636969 ], [ 128.456482, 35.637413 ], [ 128.457508, 35.639629 ], [ 128.461111, 35.640657 ], [ 128.462829, 35.638692 ], [ 128.466263, 35.636744 ], [ 128.470691, 35.636615 ], [ 128.472604, 35.638189 ], [ 128.474357, 35.638585 ], [ 128.476187, 35.640207 ], [ 128.478494, 35.640528 ], [ 128.480549, 35.638954 ], [ 128.48134, 35.635266 ], [ 128.482316, 35.634989 ], [ 128.487842, 35.635925 ], [ 128.493125, 35.637802 ], [ 128.495174, 35.638007 ], [ 128.495694, 35.639036 ], [ 128.499042, 35.638614 ], [ 128.500035, 35.639189 ], [ 128.502746, 35.638738 ], [ 128.506236, 35.639557 ], [ 128.509885, 35.643006 ], [ 128.51061, 35.646571 ], [ 128.506814, 35.650148 ], [ 128.507281, 35.652638 ], [ 128.505692, 35.654921 ], [ 128.507167, 35.655397 ], [ 128.507949, 35.658489 ], [ 128.508027, 35.663721 ], [ 128.509149, 35.665455 ], [ 128.508977, 35.670048 ], [ 128.507551, 35.672858 ], [ 128.509455, 35.674715 ], [ 128.514802, 35.675417 ], [ 128.518165, 35.679428 ], [ 128.527925, 35.683155 ], [ 128.529851, 35.683015 ] ], [ [ 128.529851, 35.683015 ], [ 128.528917, 35.677725 ], [ 128.526813, 35.675567 ], [ 128.526808, 35.673504 ], [ 128.530842, 35.665235 ], [ 128.530652, 35.662933 ], [ 128.531456, 35.662171 ], [ 128.535682, 35.662029 ], [ 128.537434, 35.659761 ], [ 128.538034, 35.654311 ], [ 128.537838, 35.650785 ], [ 128.536271, 35.648191 ], [ 128.536143, 35.646127 ], [ 128.534768, 35.643702 ], [ 128.53734, 35.636776 ], [ 128.537337, 35.633439 ], [ 128.53817, 35.631908 ], [ 128.536199, 35.627588 ], [ 128.536554, 35.624497 ], [ 128.541212, 35.62157 ], [ 128.544585, 35.620812 ], [ 128.550313, 35.617954 ], [ 128.551245, 35.616554 ], [ 128.556105, 35.616848 ], [ 128.558733, 35.6148 ], [ 128.558164, 35.612425 ], [ 128.559533, 35.61106 ], [ 128.558735, 35.607367 ], [ 128.560094, 35.604195 ], [ 128.561976, 35.602684 ], [ 128.566255, 35.60207 ], [ 128.569407, 35.603965 ], [ 128.569034, 35.602454 ], [ 128.569767, 35.599403 ], [ 128.572675, 35.597718 ], [ 128.572957, 35.593216 ], [ 128.575806, 35.592571 ], [ 128.578623, 35.589971 ], [ 128.584783, 35.586444 ], [ 128.588149, 35.585148 ], [ 128.593188, 35.584447 ], [ 128.597366, 35.581876 ], [ 128.598466, 35.582075 ], [ 128.599969, 35.580423 ], [ 128.602857, 35.580065 ], [ 128.608157, 35.580677 ], [ 128.611067, 35.581698 ], [ 128.614704, 35.581656 ], [ 128.616836, 35.583919 ], [ 128.618478, 35.583823 ], [ 128.621352, 35.584987 ], [ 128.62286, 35.584734 ], [ 128.626807, 35.585438 ], [ 128.627798, 35.586532 ], [ 128.630747, 35.58742 ], [ 128.631943, 35.586185 ], [ 128.636532, 35.584698 ], [ 128.638066, 35.588596 ], [ 128.640903, 35.588818 ], [ 128.644091, 35.593053 ], [ 128.650608, 35.594614 ], [ 128.655407, 35.597039 ], [ 128.655289, 35.597888 ], [ 128.658292, 35.597687 ], [ 128.662026, 35.595855 ], [ 128.664419, 35.593753 ], [ 128.670049, 35.594276 ], [ 128.672553, 35.595874 ], [ 128.674243, 35.5961 ], [ 128.678284, 35.594748 ], [ 128.680697, 35.595137 ], [ 128.687604, 35.595025 ], [ 128.691605, 35.593319 ], [ 128.693193, 35.590875 ], [ 128.69494, 35.583418 ], [ 128.702299, 35.578999 ], [ 128.703308, 35.57801 ], [ 128.707391, 35.577978 ], [ 128.712408, 35.579108 ], [ 128.714958, 35.577597 ], [ 128.722584, 35.581401 ], [ 128.72462, 35.581477 ], [ 128.727679, 35.57751 ], [ 128.731659, 35.576608 ], [ 128.731973, 35.575953 ], [ 128.737418, 35.577154 ], [ 128.740383, 35.576011 ], [ 128.741288, 35.574133 ], [ 128.743369, 35.573946 ], [ 128.746114, 35.572688 ], [ 128.748763, 35.570733 ], [ 128.753848, 35.570339 ], [ 128.755613, 35.56838 ], [ 128.758136, 35.567493 ], [ 128.763826, 35.569012 ], [ 128.766346, 35.568241 ], [ 128.768466, 35.570844 ], [ 128.771037, 35.568631 ], [ 128.778742, 35.567845 ], [ 128.785529, 35.566888 ], [ 128.787733, 35.567497 ], [ 128.792346, 35.570466 ], [ 128.794902, 35.573199 ], [ 128.798781, 35.578306 ], [ 128.799683, 35.580414 ], [ 128.800716, 35.587625 ], [ 128.802645, 35.589147 ], [ 128.809564, 35.588984 ], [ 128.818448, 35.592979 ], [ 128.821392, 35.593558 ], [ 128.822911, 35.595772 ], [ 128.826295, 35.596775 ], [ 128.829027, 35.59665 ], [ 128.833648, 35.597354 ], [ 128.838118, 35.593554 ], [ 128.842639, 35.588994 ], [ 128.845696, 35.589619 ], [ 128.847733, 35.592307 ], [ 128.851679, 35.594628 ], [ 128.854075, 35.597182 ], [ 128.854257, 35.600141 ], [ 128.856424, 35.601641 ], [ 128.859359, 35.606221 ], [ 128.86479, 35.609047 ], [ 128.868148, 35.616121 ], [ 128.870127, 35.617928 ], [ 128.871966, 35.618251 ], [ 128.873876, 35.621636 ], [ 128.874876, 35.628472 ], [ 128.875954, 35.630499 ], [ 128.875378, 35.63233 ], [ 128.877078, 35.633705 ], [ 128.881461, 35.635478 ], [ 128.884795, 35.633985 ], [ 128.884712, 35.63199 ], [ 128.887245, 35.629108 ], [ 128.891916, 35.62931 ], [ 128.901667, 35.633211 ], [ 128.907136, 35.637138 ], [ 128.909143, 35.637777 ], [ 128.912851, 35.640003 ], [ 128.915054, 35.640619 ], [ 128.926624, 35.638303 ], [ 128.929235, 35.636797 ], [ 128.941145, 35.635073 ], [ 128.946705, 35.631815 ], [ 128.951198, 35.630154 ], [ 128.952304, 35.627994 ], [ 128.953788, 35.626979 ], [ 128.953592, 35.62524 ], [ 128.957567, 35.623199 ], [ 128.961261, 35.620562 ], [ 128.961414, 35.617354 ], [ 128.960877, 35.615581 ], [ 128.965372, 35.615073 ], [ 128.972807, 35.613447 ], [ 128.975683, 35.611865 ], [ 128.978001, 35.611455 ], [ 128.979684, 35.609562 ], [ 128.982642, 35.608705 ], [ 128.98675, 35.60912 ], [ 128.991385, 35.612568 ], [ 128.993558, 35.61313 ], [ 128.997096, 35.615004 ], [ 129.000141, 35.617222 ], [ 129.00274, 35.620258 ] ], [ [ 129.363397, 37.146001 ], [ 129.362012, 37.144937 ], [ 129.356378, 37.144865 ], [ 129.353256, 37.146173 ], [ 129.350744, 37.146296 ], [ 129.348995, 37.145233 ], [ 129.349086, 37.146454 ], [ 129.344611, 37.146022 ], [ 129.340995, 37.144603 ], [ 129.339506, 37.14683 ], [ 129.338346, 37.143457 ], [ 129.336435, 37.141976 ], [ 129.334576, 37.142655 ], [ 129.333241, 37.140707 ], [ 129.330569, 37.140497 ], [ 129.32708, 37.142158 ], [ 129.32483, 37.142286 ], [ 129.322987, 37.139947 ], [ 129.322951, 37.138198 ], [ 129.321562, 37.137587 ], [ 129.318147, 37.132952 ], [ 129.314454, 37.13134 ], [ 129.311801, 37.132213 ], [ 129.311164, 37.130215 ], [ 129.308886, 37.12794 ], [ 129.306179, 37.127683 ], [ 129.303866, 37.128241 ], [ 129.301129, 37.126584 ], [ 129.299313, 37.124114 ], [ 129.298004, 37.124537 ], [ 129.297595, 37.122484 ], [ 129.295231, 37.120298 ], [ 129.294592, 37.114365 ], [ 129.29255, 37.114319 ], [ 129.287536, 37.11561 ], [ 129.285385, 37.117248 ], [ 129.281997, 37.116098 ], [ 129.278487, 37.117057 ], [ 129.276739, 37.118554 ], [ 129.274516, 37.117265 ], [ 129.271238, 37.116381 ], [ 129.27083, 37.113968 ], [ 129.269778, 37.112979 ], [ 129.270532, 37.111172 ], [ 129.269192, 37.110212 ], [ 129.270243, 37.106923 ], [ 129.268862, 37.106277 ], [ 129.265658, 37.10215 ], [ 129.259075, 37.101045 ], [ 129.25526, 37.099353 ], [ 129.255207, 37.097999 ], [ 129.253164, 37.096789 ], [ 129.251788, 37.097124 ], [ 129.24903, 37.096151 ], [ 129.246242, 37.093167 ], [ 129.24384, 37.089832 ], [ 129.243405, 37.088161 ], [ 129.241953, 37.087599 ], [ 129.240459, 37.085035 ], [ 129.237253, 37.083813 ], [ 129.235777, 37.081545 ], [ 129.232884, 37.079768 ], [ 129.230859, 37.076623 ], [ 129.227117, 37.075032 ], [ 129.225378, 37.07372 ], [ 129.226494, 37.072163 ], [ 129.228542, 37.071615 ], [ 129.230862, 37.068902 ], [ 129.230471, 37.067219 ], [ 129.233075, 37.063882 ], [ 129.230801, 37.058845 ], [ 129.228799, 37.058264 ], [ 129.229539, 37.054738 ], [ 129.231771, 37.054255 ], [ 129.23113, 37.052219 ], [ 129.232818, 37.050243 ], [ 129.232667, 37.044219 ], [ 129.238209, 37.040788 ], [ 129.237859, 37.038685 ], [ 129.236448, 37.040357 ], [ 129.233592, 37.040402 ], [ 129.23034, 37.042479 ], [ 129.225314, 37.04456 ], [ 129.223443, 37.043908 ], [ 129.221142, 37.044435 ], [ 129.218244, 37.04362 ], [ 129.215113, 37.043925 ], [ 129.213802, 37.043035 ], [ 129.208062, 37.043945 ], [ 129.205046, 37.044972 ], [ 129.202149, 37.044432 ], [ 129.199614, 37.042681 ], [ 129.195939, 37.042491 ], [ 129.194752, 37.04063 ], [ 129.190609, 37.040651 ], [ 129.185409, 37.041719 ], [ 129.184452, 37.043781 ], [ 129.18503, 37.04658 ], [ 129.183681, 37.048861 ], [ 129.181702, 37.05039 ], [ 129.180429, 37.053207 ], [ 129.175706, 37.057803 ], [ 129.170398, 37.060356 ], [ 129.169215, 37.063439 ], [ 129.166762, 37.065261 ], [ 129.165805, 37.067341 ], [ 129.166136, 37.069158 ], [ 129.161773, 37.068826 ], [ 129.159434, 37.069677 ], [ 129.157997, 37.071315 ], [ 129.15524, 37.070283 ], [ 129.154801, 37.07172 ], [ 129.152593, 37.073431 ], [ 129.149756, 37.074484 ], [ 129.148046, 37.07613 ], [ 129.144273, 37.07658 ], [ 129.142181, 37.080346 ], [ 129.139472, 37.082273 ], [ 129.137866, 37.081391 ], [ 129.133578, 37.081783 ], [ 129.131699, 37.083144 ], [ 129.126487, 37.085059 ], [ 129.126332, 37.089166 ], [ 129.122555, 37.08995 ], [ 129.122891, 37.091277 ], [ 129.117989, 37.092727 ], [ 129.112003, 37.092497 ], [ 129.107779, 37.093497 ], [ 129.104496, 37.097705 ], [ 129.1004, 37.099437 ], [ 129.098202, 37.098974 ], [ 129.09566, 37.100313 ], [ 129.092399, 37.09864 ], [ 129.09128, 37.097248 ], [ 129.08749, 37.097109 ], [ 129.082682, 37.094095 ], [ 129.080815, 37.093369 ], [ 129.076954, 37.092989 ], [ 129.074153, 37.091022 ], [ 129.07013, 37.087464 ], [ 129.07087, 37.085282 ], [ 129.068782, 37.082001 ], [ 129.06715, 37.080979 ], [ 129.065605, 37.078752 ], [ 129.067418, 37.076195 ], [ 129.063976, 37.068135 ], [ 129.062131, 37.068269 ], [ 129.059436, 37.06525 ], [ 129.056509, 37.06519 ], [ 129.057067, 37.0679 ], [ 129.053431, 37.070194 ], [ 129.051709, 37.068678 ], [ 129.050021, 37.0684 ], [ 129.048326, 37.070086 ], [ 129.043791, 37.071103 ], [ 129.041866, 37.071062 ], [ 129.039269, 37.074068 ], [ 129.03693, 37.074871 ], [ 129.036668, 37.076171 ], [ 129.032408, 37.074923 ], [ 129.030437, 37.077032 ], [ 129.02435, 37.078347 ], [ 129.020854, 37.07654 ], [ 129.015173, 37.079529 ], [ 129.013895, 37.078549 ], [ 129.009581, 37.07855 ], [ 129.008463, 37.079076 ], [ 129.000625, 37.080364 ], [ 128.998801, 37.081469 ], [ 128.996435, 37.081264 ], [ 128.991243, 37.08256 ], [ 128.988614, 37.084374 ], [ 128.984174, 37.084694 ], [ 128.981845, 37.082927 ], [ 128.980674, 37.082961 ], [ 128.975387, 37.081014 ], [ 128.971799, 37.081514 ], [ 128.969987, 37.079823 ], [ 128.965592, 37.079227 ], [ 128.959274, 37.077577 ], [ 128.958538, 37.078449 ], [ 128.954815, 37.079588 ], [ 128.953098, 37.081767 ], [ 128.953426, 37.084922 ], [ 128.951265, 37.086464 ], [ 128.95025, 37.088713 ], [ 128.945663, 37.093778 ], [ 128.940455, 37.093406 ], [ 128.936745, 37.092109 ], [ 128.933126, 37.091795 ], [ 128.932058, 37.090873 ], [ 128.923316, 37.092117 ], [ 128.921776, 37.091432 ], [ 128.919477, 37.089018 ], [ 128.917944, 37.085835 ], [ 128.915063, 37.083713 ], [ 128.916506, 37.082076 ], [ 128.91693, 37.078695 ], [ 128.914188, 37.07603 ], [ 128.913228, 37.073093 ], [ 128.910193, 37.070222 ], [ 128.910321, 37.068321 ], [ 128.910417, 37.066135 ], [ 128.905545, 37.063973 ], [ 128.904861, 37.062042 ], [ 128.898074, 37.057604 ], [ 128.896803, 37.055065 ], [ 128.896982, 37.050565 ], [ 128.897649, 37.045461 ], [ 128.89642, 37.044516 ], [ 128.894794, 37.045251 ], [ 128.892837, 37.047481 ], [ 128.891677, 37.047695 ], [ 128.887341, 37.050355 ], [ 128.885172, 37.050244 ], [ 128.884309, 37.051183 ], [ 128.88097, 37.051825 ], [ 128.878544, 37.053255 ], [ 128.878352, 37.050864 ], [ 128.877121, 37.049038 ], [ 128.876842, 37.046078 ], [ 128.875664, 37.044746 ], [ 128.872479, 37.043945 ], [ 128.867366, 37.046207 ], [ 128.865949, 37.047943 ], [ 128.858979, 37.049657 ], [ 128.85621, 37.049349 ], [ 128.846875, 37.051607 ], [ 128.843925, 37.054623 ], [ 128.843841, 37.057231 ], [ 128.840647, 37.059356 ], [ 128.840669, 37.060401 ], [ 128.835953, 37.065943 ], [ 128.831666, 37.067404 ], [ 128.830931, 37.070167 ], [ 128.831264, 37.074107 ], [ 128.832082, 37.075075 ], [ 128.829384, 37.078459 ], [ 128.825805, 37.078699 ], [ 128.824353, 37.077852 ], [ 128.819428, 37.077031 ], [ 128.817623, 37.07777 ], [ 128.81257, 37.078712 ], [ 128.807871, 37.076005 ], [ 128.803813, 37.077942 ], [ 128.802186, 37.077712 ], [ 128.799966, 37.078975 ], [ 128.800114, 37.081276 ], [ 128.801526, 37.084354 ], [ 128.799423, 37.086944 ], [ 128.791384, 37.087324 ], [ 128.785806, 37.087854 ], [ 128.782691, 37.091441 ], [ 128.780282, 37.092343 ], [ 128.776433, 37.089776 ], [ 128.776683, 37.088789 ], [ 128.773591, 37.087508 ], [ 128.777689, 37.082731 ], [ 128.777773, 37.078832 ], [ 128.775414, 37.078653 ], [ 128.774232, 37.077347 ], [ 128.77134, 37.076349 ], [ 128.768576, 37.072706 ], [ 128.768388, 37.06781 ], [ 128.764752, 37.063548 ], [ 128.760151, 37.066757 ], [ 128.758148, 37.069724 ], [ 128.757179, 37.070005 ], [ 128.756568, 37.067078 ], [ 128.755261, 37.066218 ], [ 128.755815, 37.064974 ], [ 128.754486, 37.062244 ], [ 128.754551, 37.059746 ], [ 128.752585, 37.057861 ], [ 128.753021, 37.053718 ], [ 128.75464, 37.052795 ], [ 128.755193, 37.050165 ], [ 128.757251, 37.047577 ], [ 128.759102, 37.047001 ], [ 128.76142, 37.044439 ], [ 128.762196, 37.041792 ], [ 128.762545, 37.037857 ], [ 128.762176, 37.036155 ], [ 128.759785, 37.035616 ], [ 128.75455, 37.031963 ], [ 128.753765, 37.027832 ], [ 128.749079, 37.028863 ], [ 128.74451, 37.033441 ], [ 128.740572, 37.0367 ], [ 128.735828, 37.039754 ], [ 128.730118, 37.041129 ], [ 128.727456, 37.041027 ], [ 128.725882, 37.042352 ], [ 128.722253, 37.042498 ], [ 128.718669, 37.043751 ], [ 128.711516, 37.041903 ], [ 128.709099, 37.039356 ], [ 128.705064, 37.040122 ], [ 128.704131, 37.040918 ], [ 128.700404, 37.040828 ], [ 128.697111, 37.044082 ], [ 128.696708, 37.045288 ], [ 128.692168, 37.049467 ], [ 128.689073, 37.053055 ], [ 128.683732, 37.051435 ], [ 128.68288, 37.053144 ], [ 128.680615, 37.053831 ], [ 128.679758, 37.055794 ], [ 128.675651, 37.058848 ], [ 128.671918, 37.058594 ], [ 128.667309, 37.060264 ], [ 128.661906, 37.061042 ], [ 128.65941, 37.060349 ], [ 128.657398, 37.061167 ], [ 128.656006, 37.064463 ], [ 128.653079, 37.065714 ], [ 128.652096, 37.06544 ] ], [ [ 128.828699, 35.08997 ], [ 128.826496, 35.088106 ], [ 128.826432, 35.086214 ], [ 128.821538, 35.085846 ], [ 128.821545, 35.084446 ], [ 128.818541, 35.084441 ], [ 128.818527, 35.083001 ], [ 128.811503, 35.082989 ], [ 128.811515, 35.077585 ] ], [ [ 129.20117, 35.387782 ], [ 129.199368, 35.389037 ], [ 129.193595, 35.382089 ], [ 129.197161, 35.377648 ], [ 129.199182, 35.375978 ], [ 129.197828, 35.37141 ], [ 129.198762, 35.366496 ], [ 129.193781, 35.363341 ], [ 129.19337, 35.361242 ], [ 129.190153, 35.359759 ], [ 129.188008, 35.359726 ], [ 129.185727, 35.358568 ], [ 129.182408, 35.355156 ], [ 129.18279, 35.353957 ], [ 129.18071, 35.353762 ], [ 129.178187, 35.351774 ], [ 129.174347, 35.351716 ], [ 129.170325, 35.35384 ], [ 129.168598, 35.353797 ], [ 129.165807, 35.355703 ], [ 129.162806, 35.356806 ], [ 129.161106, 35.359404 ], [ 129.148758, 35.364251 ], [ 129.146568, 35.363803 ], [ 129.140277, 35.365361 ], [ 129.138936, 35.366129 ], [ 129.133521, 35.365594 ], [ 129.131035, 35.365966 ], [ 129.127572, 35.367727 ], [ 129.123633, 35.367821 ], [ 129.1212, 35.367364 ], [ 129.118176, 35.369035 ], [ 129.118086, 35.367575 ], [ 129.120593, 35.366586 ], [ 129.12157, 35.364426 ], [ 129.123339, 35.363234 ], [ 129.127035, 35.362401 ], [ 129.128945, 35.359551 ], [ 129.130672, 35.359026 ], [ 129.133231, 35.356356 ], [ 129.133305, 35.354409 ], [ 129.134491, 35.353236 ], [ 129.133595, 35.350073 ], [ 129.130755, 35.349364 ], [ 129.127141, 35.345402 ], [ 129.128425, 35.343706 ], [ 129.126233, 35.341518 ], [ 129.126286, 35.340436 ], [ 129.124028, 35.338077 ], [ 129.125945, 35.333425 ], [ 129.125337, 35.331415 ], [ 129.121253, 35.328959 ], [ 129.11982, 35.326518 ], [ 129.118649, 35.323094 ], [ 129.116106, 35.32114 ], [ 129.113663, 35.320223 ], [ 129.112176, 35.317351 ], [ 129.111896, 35.314618 ], [ 129.112407, 35.310138 ], [ 129.11148, 35.307886 ], [ 129.108562, 35.304581 ], [ 129.108596, 35.305554 ], [ 129.106211, 35.306457 ], [ 129.10092, 35.30474 ], [ 129.100667, 35.303974 ], [ 129.093101, 35.303178 ], [ 129.090551, 35.303423 ], [ 129.086337, 35.301552 ], [ 129.084906, 35.299552 ], [ 129.080626, 35.296373 ], [ 129.074674, 35.291266 ], [ 129.073607, 35.290843 ], [ 129.070554, 35.294522 ], [ 129.067464, 35.293848 ], [ 129.066574, 35.294479 ], [ 129.061869, 35.29496 ], [ 129.058362, 35.294836 ], [ 129.056425, 35.291528 ], [ 129.053499, 35.288997 ], [ 129.052167, 35.285861 ], [ 129.053869, 35.282867 ], [ 129.052702, 35.280984 ], [ 129.050768, 35.280318 ], [ 129.048447, 35.278048 ], [ 129.047281, 35.276002 ], [ 129.047499, 35.274214 ], [ 129.035908, 35.27547 ], [ 129.034838, 35.276263 ], [ 129.030683, 35.276878 ], [ 129.027313, 35.276737 ], [ 129.01712, 35.27546 ], [ 129.013484, 35.273759 ], [ 129.014818, 35.27053 ], [ 129.011623, 35.263319 ], [ 129.006128, 35.252492 ], [ 129.002182, 35.245293 ], [ 128.998803, 35.238082 ], [ 128.99676, 35.236081 ], [ 128.994292, 35.234041 ], [ 128.989701, 35.231676 ], [ 128.984158, 35.229756 ], [ 128.972735, 35.227234 ], [ 128.96674, 35.226778 ], [ 128.956696, 35.225252 ], [ 128.948535, 35.225242 ], [ 128.943998, 35.228325 ], [ 128.939796, 35.22725 ], [ 128.936689, 35.225461 ], [ 128.934728, 35.223523 ], [ 128.92924, 35.220032 ], [ 128.920128, 35.216423 ], [ 128.918258, 35.217872 ], [ 128.916653, 35.216961 ], [ 128.912503, 35.222515 ], [ 128.909531, 35.223085 ], [ 128.905018, 35.220073 ], [ 128.909694, 35.215461 ], [ 128.904668, 35.215301 ], [ 128.896612, 35.213142 ], [ 128.889085, 35.214799 ], [ 128.886069, 35.214399 ], [ 128.881618, 35.210389 ], [ 128.878988, 35.209995 ], [ 128.874345, 35.204468 ], [ 128.870355, 35.201559 ], [ 128.872229, 35.199733 ], [ 128.872675, 35.198169 ], [ 128.876194, 35.192631 ], [ 128.875884, 35.188454 ], [ 128.881417, 35.182816 ], [ 128.880271, 35.180301 ], [ 128.880115, 35.174675 ], [ 128.881147, 35.171845 ], [ 128.880434, 35.17153 ], [ 128.873479, 35.174138 ], [ 128.872354, 35.172274 ], [ 128.877125, 35.169863 ], [ 128.878123, 35.168492 ], [ 128.876387, 35.167503 ], [ 128.876038, 35.165543 ], [ 128.877946, 35.164403 ], [ 128.878871, 35.162392 ], [ 128.881931, 35.161717 ], [ 128.881142, 35.159126 ], [ 128.87905, 35.15971 ], [ 128.875358, 35.159453 ], [ 128.874597, 35.157611 ], [ 128.874695, 35.153601 ], [ 128.876657, 35.151279 ], [ 128.871663, 35.150465 ], [ 128.865182, 35.158186 ], [ 128.865662, 35.159566 ], [ 128.869536, 35.158706 ], [ 128.870373, 35.160658 ], [ 128.872734, 35.161778 ], [ 128.8715, 35.165062 ], [ 128.867386, 35.167715 ], [ 128.865113, 35.167408 ], [ 128.859743, 35.168171 ], [ 128.857634, 35.166937 ], [ 128.854291, 35.166183 ], [ 128.85212, 35.166339 ], [ 128.850889, 35.165264 ], [ 128.849162, 35.165484 ], [ 128.846289, 35.164688 ], [ 128.844014, 35.162045 ], [ 128.844183, 35.159908 ], [ 128.842933, 35.157989 ], [ 128.840596, 35.158788 ], [ 128.836005, 35.159138 ], [ 128.833864, 35.157267 ], [ 128.828484, 35.156575 ], [ 128.827527, 35.155589 ], [ 128.822993, 35.156159 ], [ 128.822152, 35.157355 ], [ 128.815966, 35.160162 ], [ 128.813384, 35.159221 ], [ 128.811582, 35.159799 ], [ 128.808707, 35.158939 ], [ 128.805872, 35.160438 ], [ 128.802321, 35.159473 ], [ 128.800595, 35.158068 ], [ 128.797092, 35.158997 ], [ 128.79452, 35.158538 ], [ 128.793666, 35.157162 ], [ 128.79464, 35.15589 ], [ 128.794303, 35.153913 ], [ 128.797856, 35.151379 ], [ 128.801999, 35.146053 ], [ 128.802132, 35.141902 ], [ 128.806685, 35.142504 ], [ 128.807316, 35.13948 ], [ 128.81113, 35.136874 ], [ 128.815357, 35.132635 ], [ 128.81795, 35.132453 ], [ 128.822367, 35.131009 ], [ 128.82363, 35.131161 ], [ 128.826572, 35.129527 ], [ 128.82727, 35.12816 ], [ 128.829793, 35.128218 ], [ 128.832975, 35.129941 ], [ 128.834517, 35.128766 ], [ 128.835108, 35.126173 ], [ 128.837757, 35.123985 ], [ 128.837563, 35.120881 ], [ 128.835934, 35.119086 ], [ 128.838489, 35.115204 ], [ 128.841663, 35.114567 ], [ 128.842962, 35.113158 ], [ 128.843169, 35.109167 ], [ 128.8417, 35.10599 ], [ 128.837861, 35.104129 ], [ 128.83582, 35.102326 ], [ 128.833922, 35.101807 ], [ 128.831586, 35.102647 ], [ 128.824863, 35.102336 ], [ 128.823345, 35.101748 ], [ 128.821898, 35.098193 ], [ 128.820752, 35.097273 ], [ 128.820467, 35.096391 ] ], [ [ 129.449787, 35.651069 ], [ 129.447769, 35.65157 ], [ 129.445337, 35.65343 ], [ 129.44235, 35.654671 ], [ 129.439269, 35.655245 ], [ 129.436874, 35.654238 ], [ 129.435079, 35.652446 ], [ 129.433084, 35.654345 ], [ 129.432801, 35.656647 ], [ 129.428399, 35.65558 ], [ 129.42808, 35.656684 ], [ 129.425745, 35.65717 ], [ 129.420045, 35.659552 ], [ 129.413576, 35.663006 ], [ 129.41097, 35.663827 ], [ 129.407877, 35.663577 ], [ 129.406847, 35.662818 ], [ 129.403151, 35.663071 ], [ 129.400696, 35.667236 ], [ 129.398899, 35.667773 ], [ 129.393664, 35.668054 ], [ 129.386415, 35.67034 ], [ 129.381849, 35.671185 ], [ 129.372654, 35.669227 ], [ 129.372774, 35.670155 ], [ 129.370547, 35.672907 ], [ 129.367862, 35.673184 ], [ 129.366728, 35.675278 ], [ 129.364178, 35.676741 ], [ 129.364074, 35.678934 ], [ 129.359252, 35.679366 ], [ 129.353559, 35.67938 ], [ 129.348751, 35.677178 ], [ 129.346395, 35.673977 ], [ 129.344719, 35.673574 ], [ 129.341841, 35.670714 ], [ 129.340058, 35.669637 ], [ 129.33577, 35.669133 ], [ 129.334089, 35.669761 ], [ 129.332545, 35.666528 ], [ 129.332557, 35.665042 ], [ 129.331031, 35.665557 ], [ 129.32861, 35.662573 ], [ 129.328686, 35.660409 ], [ 129.330047, 35.660274 ], [ 129.32907, 35.658176 ], [ 129.327821, 35.658836 ], [ 129.325645, 35.657716 ], [ 129.323646, 35.658589 ], [ 129.319358, 35.656358 ], [ 129.319117, 35.657922 ], [ 129.316483, 35.659354 ], [ 129.314877, 35.65823 ], [ 129.312625, 35.660254 ], [ 129.311142, 35.660524 ], [ 129.307705, 35.657162 ], [ 129.304489, 35.657174 ], [ 129.303741, 35.653765 ], [ 129.303933, 35.651647 ], [ 129.302053, 35.650956 ], [ 129.303313, 35.65008 ], [ 129.302937, 35.647778 ], [ 129.29837, 35.647647 ], [ 129.296993, 35.646461 ], [ 129.296423, 35.643513 ], [ 129.29193, 35.644973 ], [ 129.290077, 35.64632 ], [ 129.290156, 35.647872 ], [ 129.282899, 35.651733 ], [ 129.280655, 35.650119 ], [ 129.274948, 35.653087 ], [ 129.269777, 35.651079 ], [ 129.265476, 35.653596 ], [ 129.260445, 35.654638 ], [ 129.258173, 35.657388 ], [ 129.257744, 35.658924 ], [ 129.255504, 35.660456 ], [ 129.254745, 35.666412 ], [ 129.256537, 35.668924 ], [ 129.259105, 35.671107 ], [ 129.260782, 35.676994 ], [ 129.261032, 35.67907 ], [ 129.259512, 35.680062 ], [ 129.258643, 35.683112 ], [ 129.261865, 35.68532 ], [ 129.261812, 35.687722 ], [ 129.262593, 35.691127 ], [ 129.261879, 35.693403 ], [ 129.260081, 35.694969 ], [ 129.259757, 35.696886 ], [ 129.25685, 35.700703 ], [ 129.250951, 35.701973 ], [ 129.246921, 35.701745 ], [ 129.24215, 35.70314 ], [ 129.241368, 35.703868 ], [ 129.234008, 35.703875 ], [ 129.232983, 35.707629 ], [ 129.22833, 35.70929 ], [ 129.226464, 35.708634 ], [ 129.224366, 35.709561 ], [ 129.2201, 35.714074 ], [ 129.218007, 35.713172 ], [ 129.215796, 35.714962 ], [ 129.213839, 35.715593 ], [ 129.209241, 35.718946 ], [ 129.208939, 35.72108 ], [ 129.205466, 35.721174 ], [ 129.201701, 35.718887 ], [ 129.200829, 35.715988 ], [ 129.198095, 35.71445 ], [ 129.197646, 35.715794 ], [ 129.193684, 35.716856 ], [ 129.192143, 35.718629 ], [ 129.186649, 35.719518 ], [ 129.186235, 35.721284 ], [ 129.181724, 35.723668 ], [ 129.18097, 35.721496 ], [ 129.178799, 35.719339 ], [ 129.178432, 35.717213 ], [ 129.176457, 35.715655 ], [ 129.171941, 35.713943 ], [ 129.168126, 35.715543 ], [ 129.164107, 35.714827 ], [ 129.160315, 35.71481 ], [ 129.15892, 35.717294 ], [ 129.154049, 35.721968 ], [ 129.152869, 35.721963 ], [ 129.147214, 35.724665 ], [ 129.142047, 35.72435 ], [ 129.137535, 35.720699 ], [ 129.139515, 35.718243 ], [ 129.136569, 35.715482 ], [ 129.135811, 35.713633 ], [ 129.136778, 35.712865 ], [ 129.134163, 35.712109 ], [ 129.130614, 35.712572 ], [ 129.127364, 35.71412 ], [ 129.126205, 35.713573 ], [ 129.124212, 35.708275 ], [ 129.1175, 35.706665 ], [ 129.115698, 35.708479 ], [ 129.112746, 35.708384 ], [ 129.111072, 35.707115 ], [ 129.106662, 35.706383 ], [ 129.101759, 35.706067 ], [ 129.099858, 35.704734 ], [ 129.095711, 35.704019 ], [ 129.093689, 35.702971 ], [ 129.090291, 35.702675 ], [ 129.089925, 35.700972 ], [ 129.085738, 35.698091 ], [ 129.083068, 35.697644 ], [ 129.080285, 35.69628 ], [ 129.079799, 35.694538 ], [ 129.077221, 35.692936 ], [ 129.074469, 35.68862 ], [ 129.074115, 35.687043 ], [ 129.069877, 35.682372 ], [ 129.070705, 35.678636 ], [ 129.073028, 35.677379 ], [ 129.068095, 35.673191 ], [ 129.067153, 35.671346 ], [ 129.06904, 35.669052 ], [ 129.068174, 35.6671 ], [ 129.068453, 35.663743 ], [ 129.067273, 35.661992 ], [ 129.068076, 35.658563 ], [ 129.070359, 35.658636 ], [ 129.072177, 35.655638 ], [ 129.076177, 35.650917 ], [ 129.079764, 35.649113 ], [ 129.081363, 35.645164 ], [ 129.080855, 35.643253 ], [ 129.075546, 35.640356 ], [ 129.072198, 35.643714 ], [ 129.069302, 35.645414 ], [ 129.064701, 35.645773 ], [ 129.064003, 35.646415 ], [ 129.057682, 35.648256 ], [ 129.052046, 35.64906 ], [ 129.046901, 35.650518 ], [ 129.045099, 35.646302 ], [ 129.043343, 35.640967 ], [ 129.041526, 35.638986 ], [ 129.040565, 35.636565 ], [ 129.037967, 35.634872 ], [ 129.036967, 35.632462 ], [ 129.035486, 35.632021 ], [ 129.032617, 35.633596 ], [ 129.028969, 35.634645 ], [ 129.026611, 35.636395 ], [ 129.023445, 35.635283 ], [ 129.020672, 35.634966 ], [ 129.018023, 35.629648 ], [ 129.012622, 35.626884 ], [ 129.009666, 35.625893 ], [ 129.003865, 35.621708 ], [ 129.00274, 35.620258 ] ], [ [ 129.00274, 35.620258 ], [ 129.006467, 35.6185 ], [ 129.007917, 35.616192 ], [ 129.013277, 35.615335 ], [ 129.016675, 35.616289 ], [ 129.022455, 35.614223 ], [ 129.023601, 35.609246 ], [ 129.022648, 35.602954 ], [ 129.024306, 35.601531 ], [ 129.024623, 35.599916 ], [ 129.022465, 35.594485 ], [ 129.022755, 35.591265 ], [ 129.021615, 35.589383 ], [ 129.018932, 35.586761 ], [ 129.018895, 35.58382 ], [ 129.014473, 35.582572 ], [ 129.012255, 35.582697 ], [ 129.01036, 35.580938 ], [ 129.007931, 35.580192 ], [ 129.006558, 35.578287 ], [ 129.003777, 35.576176 ], [ 129.002148, 35.573662 ], [ 128.997169, 35.569724 ], [ 128.995814, 35.567886 ], [ 128.988458, 35.566165 ], [ 128.984992, 35.564597 ], [ 128.983176, 35.565086 ], [ 128.981658, 35.56385 ], [ 128.977905, 35.563447 ], [ 128.975627, 35.561899 ], [ 128.97119, 35.5603 ], [ 128.972916, 35.556063 ], [ 128.975209, 35.553227 ], [ 128.979679, 35.548635 ], [ 128.980922, 35.546373 ], [ 128.985483, 35.549544 ], [ 128.989348, 35.551605 ], [ 128.992291, 35.547371 ], [ 128.993999, 35.547248 ], [ 128.994401, 35.545755 ], [ 128.996994, 35.544972 ], [ 128.996685, 35.543038 ], [ 128.998349, 35.541721 ], [ 128.998834, 35.538542 ], [ 128.995922, 35.535248 ], [ 128.996207, 35.532258 ], [ 128.994663, 35.530431 ], [ 128.994586, 35.528131 ], [ 128.995392, 35.527824 ], [ 129.004273, 35.529179 ], [ 129.007597, 35.529109 ], [ 129.009693, 35.528061 ], [ 129.009033, 35.523992 ], [ 129.012955, 35.523141 ], [ 129.016069, 35.524267 ], [ 129.017169, 35.523757 ], [ 129.020334, 35.524129 ], [ 129.027343, 35.527114 ], [ 129.032456, 35.52568 ], [ 129.045819, 35.529453 ], [ 129.048234, 35.529579 ], [ 129.055823, 35.532268 ], [ 129.056829, 35.5307 ], [ 129.056569, 35.52711 ], [ 129.053307, 35.52574 ], [ 129.052113, 35.524401 ], [ 129.05219, 35.521339 ], [ 129.051056, 35.51984 ], [ 129.052155, 35.518079 ], [ 129.052637, 35.514448 ], [ 129.061614, 35.509626 ], [ 129.064406, 35.509256 ], [ 129.071696, 35.505641 ], [ 129.075746, 35.504741 ], [ 129.080327, 35.502844 ], [ 129.086257, 35.502022 ], [ 129.090456, 35.49838 ], [ 129.094348, 35.497393 ], [ 129.096792, 35.498146 ], [ 129.099532, 35.496479 ], [ 129.102599, 35.497673 ], [ 129.106723, 35.495136 ], [ 129.106219, 35.49182 ], [ 129.106789, 35.489477 ], [ 129.108824, 35.48789 ], [ 129.109268, 35.485372 ], [ 129.107948, 35.483911 ], [ 129.108322, 35.481074 ], [ 129.109629, 35.479499 ], [ 129.117277, 35.475977 ], [ 129.118838, 35.471957 ], [ 129.121272, 35.470107 ], [ 129.121691, 35.467489 ], [ 129.120582, 35.465494 ], [ 129.121766, 35.463443 ], [ 129.126385, 35.461677 ], [ 129.130884, 35.458166 ], [ 129.131285, 35.456354 ], [ 129.136484, 35.452748 ], [ 129.138089, 35.452108 ], [ 129.139593, 35.448529 ], [ 129.143152, 35.445654 ], [ 129.145589, 35.444254 ], [ 129.147797, 35.444142 ], [ 129.152044, 35.441866 ], [ 129.155092, 35.438874 ], [ 129.160814, 35.435124 ], [ 129.165194, 35.43361 ], [ 129.165645, 35.43212 ], [ 129.16805, 35.431793 ], [ 129.170633, 35.43327 ], [ 129.177206, 35.433706 ], [ 129.178046, 35.43188 ], [ 129.185546, 35.435182 ], [ 129.190513, 35.435089 ], [ 129.193363, 35.437485 ], [ 129.19698, 35.438903 ], [ 129.202112, 35.432074 ], [ 129.199943, 35.430452 ], [ 129.201066, 35.428536 ], [ 129.200157, 35.424148 ], [ 129.202152, 35.422727 ], [ 129.202137, 35.421548 ], [ 129.20503, 35.421098 ], [ 129.20563, 35.420261 ], [ 129.21024, 35.419748 ], [ 129.212863, 35.417363 ], [ 129.214788, 35.41302 ], [ 129.218175, 35.411529 ], [ 129.218884, 35.406971 ], [ 129.215208, 35.404396 ], [ 129.215219, 35.403607 ], [ 129.211891, 35.400763 ], [ 129.211686, 35.399891 ], [ 129.208919, 35.399433 ], [ 129.207806, 35.395785 ], [ 129.202816, 35.392611 ], [ 129.20117, 35.387782 ] ], [ [ 129.20117, 35.387782 ], [ 129.203664, 35.38629 ], [ 129.20509, 35.384341 ], [ 129.211564, 35.380779 ], [ 129.214743, 35.380413 ], [ 129.218536, 35.378955 ], [ 129.224813, 35.380422 ], [ 129.22795, 35.38047 ], [ 129.230197, 35.381141 ], [ 129.2354, 35.380257 ], [ 129.237016, 35.383562 ], [ 129.240972, 35.385068 ], [ 129.241979, 35.383354 ], [ 129.244853, 35.383871 ], [ 129.246809, 35.382749 ], [ 129.248791, 35.383151 ], [ 129.250876, 35.384724 ], [ 129.250642, 35.387365 ], [ 129.252897, 35.386838 ], [ 129.255819, 35.38493 ], [ 129.258469, 35.384203 ], [ 129.263338, 35.385644 ], [ 129.265522, 35.387144 ], [ 129.266128, 35.383871 ], [ 129.267975, 35.3801 ], [ 129.269691, 35.379609 ], [ 129.272346, 35.377215 ], [ 129.273341, 35.375311 ], [ 129.277344, 35.371363 ], [ 129.279428, 35.36614 ], [ 129.283123, 35.365149 ], [ 129.282028, 35.363961 ], [ 129.280516, 35.356222 ], [ 129.283982, 35.353078 ], [ 129.284931, 35.350732 ], [ 129.283351, 35.3486 ], [ 129.283881, 35.346084 ], [ 129.279662, 35.341371 ], [ 129.285507, 35.339221 ], [ 129.289086, 35.340474 ], [ 129.291889, 35.336817 ], [ 129.294137, 35.337938 ], [ 129.296013, 35.336474 ], [ 129.300315, 35.336032 ], [ 129.301812, 35.33673 ], [ 129.303665, 35.335617 ], [ 129.302184, 35.333628 ], [ 129.304829, 35.329886 ] ], [ [ 126.64471, 35.146679 ], [ 126.649106, 35.147175 ], [ 126.651102, 35.148959 ], [ 126.650667, 35.150108 ], [ 126.653557, 35.153011 ], [ 126.651417, 35.154818 ], [ 126.655336, 35.158878 ], [ 126.653663, 35.161271 ], [ 126.653975, 35.164197 ], [ 126.657078, 35.166616 ], [ 126.662648, 35.166399 ], [ 126.664284, 35.16844 ], [ 126.66908, 35.169074 ], [ 126.671967, 35.172096 ], [ 126.670548, 35.175019 ], [ 126.668467, 35.174887 ], [ 126.665983, 35.177935 ], [ 126.666354, 35.178585 ], [ 126.662581, 35.180449 ], [ 126.663683, 35.182219 ], [ 126.661236, 35.185237 ], [ 126.65792, 35.186285 ], [ 126.655924, 35.188347 ], [ 126.653254, 35.192449 ], [ 126.656246, 35.194099 ], [ 126.659071, 35.192263 ], [ 126.661723, 35.193722 ], [ 126.663319, 35.192535 ], [ 126.666785, 35.193344 ], [ 126.668113, 35.192642 ], [ 126.669603, 35.194492 ], [ 126.672061, 35.194257 ], [ 126.673745, 35.193013 ], [ 126.674448, 35.191151 ], [ 126.677176, 35.191072 ], [ 126.677844, 35.193764 ], [ 126.676493, 35.196556 ], [ 126.678122, 35.199434 ], [ 126.677735, 35.20286 ], [ 126.679978, 35.20404 ], [ 126.681212, 35.20848 ], [ 126.684543, 35.209842 ], [ 126.685693, 35.213624 ], [ 126.687122, 35.215213 ], [ 126.688725, 35.214427 ], [ 126.690429, 35.214999 ], [ 126.69127, 35.213511 ], [ 126.695036, 35.211137 ], [ 126.697009, 35.209265 ], [ 126.698514, 35.209472 ], [ 126.702556, 35.207564 ], [ 126.710699, 35.212273 ], [ 126.715027, 35.212044 ], [ 126.717695, 35.21239 ], [ 126.718357, 35.214817 ], [ 126.720217, 35.216022 ], [ 126.72078, 35.218785 ], [ 126.718477, 35.221799 ], [ 126.720072, 35.225285 ], [ 126.71988, 35.226766 ], [ 126.722209, 35.227697 ], [ 126.724131, 35.230183 ], [ 126.723561, 35.230682 ], [ 126.72491, 35.233669 ], [ 126.726987, 35.236513 ], [ 126.72909, 35.237301 ], [ 126.730433, 35.240712 ], [ 126.7299, 35.243388 ], [ 126.737096, 35.251874 ], [ 126.741775, 35.250808 ], [ 126.748393, 35.253332 ], [ 126.749455, 35.255886 ], [ 126.752698, 35.256864 ], [ 126.755055, 35.25646 ], [ 126.757904, 35.258367 ], [ 126.761183, 35.258547 ], [ 126.763453, 35.256457 ], [ 126.763705, 35.253367 ], [ 126.761395, 35.250843 ], [ 126.760816, 35.24744 ], [ 126.759365, 35.245658 ], [ 126.755597, 35.243342 ], [ 126.75385, 35.237087 ], [ 126.755259, 35.234361 ], [ 126.757055, 35.233731 ], [ 126.76031, 35.233973 ], [ 126.764077, 35.232683 ], [ 126.768326, 35.231903 ], [ 126.770296, 35.232836 ], [ 126.771574, 35.231167 ], [ 126.775363, 35.230575 ], [ 126.777104, 35.228345 ], [ 126.780197, 35.225677 ], [ 126.787639, 35.223301 ], [ 126.789536, 35.223895 ], [ 126.79527, 35.219799 ], [ 126.797357, 35.220277 ], [ 126.801165, 35.219742 ], [ 126.802141, 35.220911 ], [ 126.804396, 35.221316 ], [ 126.80539, 35.218275 ], [ 126.805978, 35.219349 ], [ 126.810861, 35.221344 ], [ 126.815644, 35.224656 ], [ 126.817823, 35.223852 ], [ 126.819806, 35.22615 ], [ 126.823943, 35.225781 ], [ 126.824956, 35.226984 ], [ 126.824293, 35.230731 ], [ 126.825341, 35.231915 ], [ 126.829848, 35.23047 ], [ 126.833265, 35.228381 ], [ 126.835042, 35.228771 ], [ 126.835338, 35.229928 ], [ 126.838485, 35.229824 ], [ 126.840083, 35.230734 ], [ 126.839652, 35.231907 ], [ 126.840807, 35.234394 ], [ 126.844915, 35.234738 ], [ 126.844299, 35.236992 ], [ 126.847272, 35.237229 ], [ 126.848074, 35.235741 ], [ 126.851574, 35.238306 ], [ 126.85591, 35.238692 ], [ 126.859062, 35.23988 ], [ 126.861108, 35.241526 ], [ 126.861577, 35.244237 ], [ 126.862648, 35.245247 ], [ 126.865971, 35.246344 ], [ 126.868713, 35.246128 ], [ 126.871331, 35.247599 ], [ 126.874209, 35.250058 ], [ 126.879581, 35.251522 ], [ 126.878657, 35.249472 ], [ 126.880304, 35.247594 ], [ 126.886037, 35.246705 ], [ 126.889622, 35.246658 ], [ 126.890955, 35.249436 ], [ 126.892738, 35.250604 ], [ 126.900165, 35.253821 ], [ 126.903433, 35.257419 ], [ 126.905466, 35.258242 ], [ 126.911076, 35.258468 ], [ 126.914661, 35.258202 ], [ 126.919241, 35.255316 ], [ 126.92105, 35.253395 ], [ 126.924005, 35.252588 ], [ 126.925216, 35.253045 ], [ 126.927923, 35.251933 ], [ 126.929359, 35.252454 ], [ 126.93125, 35.25081 ], [ 126.933774, 35.246778 ], [ 126.93354, 35.244474 ], [ 126.932285, 35.240652 ], [ 126.934294, 35.239953 ], [ 126.942802, 35.235495 ], [ 126.943531, 35.231739 ], [ 126.944794, 35.230919 ], [ 126.947573, 35.230773 ], [ 126.951841, 35.224591 ], [ 126.948958, 35.220905 ], [ 126.948901, 35.219081 ], [ 126.950492, 35.215884 ], [ 126.951759, 35.214778 ], [ 126.954127, 35.210587 ], [ 126.956518, 35.208149 ], [ 126.956414, 35.207188 ], [ 126.95867, 35.206535 ], [ 126.963103, 35.203432 ], [ 126.965536, 35.20336 ], [ 126.966275, 35.201055 ], [ 126.964506, 35.200258 ], [ 126.964164, 35.198741 ], [ 126.962681, 35.198096 ], [ 126.961066, 35.19507 ], [ 126.95959, 35.194697 ], [ 126.958708, 35.192864 ], [ 126.959546, 35.190507 ], [ 126.964142, 35.186704 ], [ 126.96481, 35.185033 ], [ 126.966349, 35.184315 ], [ 126.968147, 35.181143 ], [ 126.971695, 35.179837 ], [ 126.972405, 35.183543 ], [ 126.972121, 35.184952 ], [ 126.973973, 35.186133 ], [ 126.975947, 35.185509 ], [ 126.978222, 35.186207 ], [ 126.980008, 35.184281 ], [ 126.982765, 35.184016 ], [ 126.984745, 35.186078 ], [ 126.983887, 35.187049 ], [ 126.987201, 35.188869 ], [ 126.988937, 35.187111 ], [ 126.991111, 35.186391 ], [ 126.994214, 35.186967 ], [ 126.996324, 35.1889 ], [ 126.999969, 35.188816 ], [ 127.00365, 35.186308 ], [ 127.007, 35.185227 ], [ 127.011787, 35.180981 ], [ 127.013385, 35.180384 ], [ 127.015795, 35.175634 ], [ 127.018526, 35.173695 ], [ 127.021416, 35.173038 ], [ 127.022275, 35.17136 ], [ 127.020872, 35.167257 ], [ 127.016811, 35.165332 ], [ 127.011358, 35.166169 ], [ 127.009997, 35.163679 ], [ 127.011728, 35.161317 ], [ 127.01112, 35.15893 ], [ 127.007743, 35.155929 ], [ 127.008446, 35.152326 ], [ 127.009665, 35.149622 ], [ 127.007943, 35.148041 ], [ 127.007184, 35.143872 ], [ 127.009279, 35.141783 ], [ 127.008713, 35.133749 ], [ 127.009633, 35.130793 ], [ 127.011832, 35.127816 ], [ 127.010608, 35.124314 ], [ 127.007869, 35.123987 ], [ 127.004276, 35.121107 ], [ 127.00395, 35.119688 ], [ 126.998687, 35.115756 ], [ 126.999932, 35.11405 ], [ 126.994399, 35.111751 ], [ 126.989336, 35.11074 ], [ 126.988854, 35.10727 ], [ 126.986352, 35.105945 ], [ 126.988756, 35.101328 ], [ 126.987793, 35.100495 ], [ 126.987827, 35.098144 ], [ 126.988951, 35.094988 ], [ 126.987652, 35.093953 ], [ 126.98347, 35.093418 ], [ 126.978733, 35.091748 ], [ 126.974034, 35.091862 ], [ 126.972019, 35.090344 ], [ 126.966513, 35.089386 ], [ 126.963046, 35.087331 ], [ 126.960648, 35.085113 ], [ 126.958555, 35.082121 ], [ 126.959583, 35.080452 ], [ 126.954987, 35.074843 ], [ 126.951882, 35.073157 ], [ 126.946743, 35.072699 ], [ 126.943793, 35.073513 ], [ 126.942321, 35.072468 ], [ 126.941009, 35.07369 ], [ 126.935995, 35.074482 ], [ 126.932296, 35.074392 ], [ 126.932528, 35.077807 ], [ 126.927687, 35.080442 ], [ 126.926093, 35.082392 ], [ 126.926323, 35.084412 ], [ 126.92446, 35.086854 ], [ 126.924669, 35.087996 ], [ 126.92228, 35.090536 ], [ 126.91942, 35.091554 ], [ 126.9167, 35.091247 ], [ 126.914567, 35.089917 ], [ 126.910645, 35.088659 ], [ 126.910711, 35.087431 ], [ 126.906853, 35.084047 ], [ 126.904532, 35.081391 ], [ 126.899893, 35.080715 ], [ 126.897623, 35.081234 ], [ 126.895105, 35.080714 ], [ 126.891989, 35.077953 ], [ 126.885403, 35.08159 ], [ 126.881261, 35.078872 ], [ 126.876442, 35.07709 ], [ 126.876333, 35.076037 ], [ 126.871677, 35.074338 ], [ 126.866208, 35.076023 ], [ 126.865367, 35.075346 ], [ 126.862366, 35.076752 ], [ 126.861131, 35.078942 ], [ 126.858652, 35.078306 ], [ 126.855609, 35.07836 ], [ 126.853383, 35.073807 ], [ 126.848184, 35.071948 ], [ 126.84821, 35.071052 ], [ 126.845762, 35.068309 ], [ 126.845868, 35.067074 ], [ 126.843977, 35.065381 ], [ 126.83683, 35.066217 ], [ 126.835965, 35.063857 ], [ 126.831452, 35.062844 ], [ 126.829842, 35.061966 ], [ 126.826546, 35.062467 ], [ 126.821859, 35.059948 ], [ 126.81914, 35.054994 ], [ 126.818494, 35.052727 ], [ 126.815349, 35.053413 ], [ 126.81246, 35.052622 ], [ 126.811372, 35.053227 ], [ 126.808847, 35.052408 ], [ 126.807436, 35.050895 ], [ 126.803677, 35.052371 ], [ 126.803068, 35.055152 ], [ 126.801675, 35.05648 ], [ 126.801461, 35.058152 ], [ 126.799211, 35.059417 ], [ 126.797505, 35.058963 ], [ 126.794896, 35.061123 ], [ 126.793785, 35.060231 ], [ 126.791568, 35.060488 ], [ 126.785063, 35.05556 ], [ 126.783322, 35.055315 ], [ 126.781587, 35.053845 ], [ 126.778042, 35.053988 ], [ 126.776103, 35.052803 ], [ 126.772796, 35.052906 ], [ 126.769211, 35.053971 ], [ 126.767344, 35.056358 ], [ 126.768632, 35.060198 ], [ 126.767468, 35.062872 ], [ 126.765109, 35.064362 ], [ 126.762814, 35.063985 ], [ 126.759633, 35.062451 ], [ 126.7585, 35.05999 ], [ 126.756737, 35.058244 ], [ 126.75585, 35.059093 ], [ 126.755374, 35.062556 ], [ 126.753334, 35.064448 ], [ 126.754138, 35.066852 ], [ 126.756979, 35.068375 ], [ 126.760644, 35.068698 ], [ 126.766998, 35.068181 ], [ 126.771346, 35.070183 ], [ 126.770544, 35.072682 ], [ 126.767266, 35.075152 ], [ 126.764802, 35.078755 ], [ 126.765684, 35.080675 ], [ 126.765344, 35.083688 ], [ 126.763312, 35.084271 ], [ 126.762668, 35.0875 ], [ 126.761734, 35.088523 ], [ 126.761872, 35.091033 ], [ 126.758707, 35.091657 ], [ 126.755043, 35.091478 ], [ 126.753198, 35.094579 ], [ 126.750995, 35.096894 ], [ 126.749123, 35.100291 ], [ 126.749188, 35.101415 ], [ 126.746721, 35.102256 ], [ 126.742081, 35.105815 ], [ 126.738427, 35.107576 ], [ 126.735494, 35.107947 ], [ 126.735335, 35.109281 ], [ 126.73244, 35.112932 ], [ 126.730673, 35.112138 ], [ 126.731215, 35.109308 ], [ 126.730753, 35.107741 ], [ 126.728387, 35.107411 ], [ 126.719108, 35.108567 ], [ 126.715489, 35.11074 ], [ 126.712733, 35.109914 ], [ 126.708623, 35.109533 ], [ 126.705355, 35.112942 ], [ 126.701628, 35.112325 ], [ 126.700033, 35.109093 ], [ 126.69753, 35.107587 ], [ 126.695694, 35.107669 ], [ 126.693914, 35.109068 ], [ 126.692298, 35.108221 ], [ 126.691481, 35.110302 ], [ 126.6849, 35.112017 ], [ 126.683655, 35.111163 ], [ 126.685102, 35.108437 ], [ 126.68305, 35.107396 ], [ 126.680011, 35.107551 ], [ 126.678758, 35.10584 ], [ 126.676329, 35.104887 ], [ 126.673401, 35.105192 ], [ 126.669421, 35.104602 ], [ 126.667472, 35.105125 ], [ 126.666974, 35.106569 ], [ 126.668962, 35.1079 ], [ 126.669304, 35.112023 ], [ 126.666612, 35.112411 ], [ 126.663389, 35.114801 ], [ 126.659928, 35.113523 ], [ 126.657059, 35.113284 ], [ 126.655198, 35.114856 ], [ 126.654961, 35.117814 ], [ 126.652716, 35.11868 ], [ 126.651659, 35.120412 ], [ 126.652618, 35.121961 ], [ 126.651723, 35.124659 ], [ 126.653128, 35.126547 ], [ 126.653568, 35.132113 ], [ 126.654542, 35.133505 ], [ 126.654952, 35.137014 ], [ 126.654177, 35.137352 ], [ 126.652827, 35.140913 ], [ 126.653316, 35.14396 ], [ 126.650527, 35.144367 ], [ 126.647564, 35.144036 ], [ 126.64471, 35.146679 ] ] ] } }
]
}
